/* シーケンス初期値の設定 */
SELECT setval('hibernate_sequence',5);
SELECT nextval('hibernate_sequence');

INSERT INTO airplane (id, name, special_seats, standard_seats) VALUES (1, 'NTT001', 100, 200);
INSERT INTO airplane (id, name, special_seats, standard_seats) VALUES (2, 'NTT002', 100, 200);
INSERT INTO airplane (id, name, special_seats, standard_seats) VALUES (3, 'NTT003', 100, 200);
INSERT INTO airplane (id, name, special_seats, standard_seats) VALUES (4, 'NTT004', 100, 200);
INSERT INTO airplane (id, name, special_seats, standard_seats) VALUES (5, 'NTT005', 100, 200);

INSERT INTO airport (id, name) VALUES ('HND', '東京(羽田)');
INSERT INTO airport (id, name) VALUES ('NRT', '東京(成田)');
INSERT INTO airport (id, name) VALUES ('ITM', '大阪(伊丹)');
INSERT INTO airport (id, name) VALUES ('KIX', '大阪(関西)');
INSERT INTO airport (id, name) VALUES ('UKB', '大阪(神戸)');
INSERT INTO airport (id, name) VALUES ('SPK', '札幌(千歳)');
INSERT INTO airport (id, name) VALUES ('NGO', '名古屋(中部)');
INSERT INTO airport (id, name) VALUES ('FUK', '福岡');
INSERT INTO airport (id, name) VALUES ('OKA', '沖縄');

INSERT INTO basic_fare( arrival, departure, fare) VALUES ('HND', 'ITM', 20600);
INSERT INTO basic_fare( arrival, departure, fare) VALUES ('FUK', 'NRT', 33700);
INSERT INTO basic_fare( arrival, departure, fare) VALUES ('KIX', 'SPK', 37900);
INSERT INTO basic_fare( arrival, departure, fare) VALUES ('ITM', 'OKA', 31400);
INSERT INTO basic_fare( arrival, departure, fare) VALUES ('NGO', 'SPK', 34200);
INSERT INTO basic_fare( arrival, departure, fare) VALUES ('HND', 'SPK', 30700);
INSERT INTO basic_fare( arrival, departure, fare) VALUES ('HND', 'OKA', 37400);
INSERT INTO basic_fare( arrival, departure, fare) VALUES ('HND', 'KIX', 20600);
INSERT INTO basic_fare( arrival, departure, fare) VALUES ('HND', 'FUK', 33700);
INSERT INTO basic_fare( arrival, departure, fare) VALUES ('ITM', 'HND', 20600);
INSERT INTO basic_fare( arrival, departure, fare) VALUES ('SPK', 'HND', 30700);
INSERT INTO basic_fare( arrival, departure, fare) VALUES ('OKA', 'HND', 37400);
INSERT INTO basic_fare( arrival, departure, fare) VALUES ('KIX', 'HND', 20600);
INSERT INTO basic_fare( arrival, departure, fare) VALUES ('FUK', 'HND', 33700);
INSERT INTO basic_fare( arrival, departure, fare) VALUES ('SPK', 'KIX', 37900);

INSERT INTO flight (name, arrival_time, departure_time, airplane_id, arrival_airport_id, basic_fare_arrival, basic_fare_departure, departure_airport_id) VALUES ('MSA10101', '2019-10-1 09:00', '2019-10-1 10:00', 001, 'HND', 'HND', 'ITM', 'ITM');
INSERT INTO flight (name, arrival_time, departure_time, airplane_id, arrival_airport_id, basic_fare_arrival, basic_fare_departure, departure_airport_id) VALUES ('MSA10102', '2019-10-1 10:00', '2019-10-1 11:00', 002, 'HND', 'HND', 'OKA', 'OKA');
INSERT INTO flight (name, arrival_time, departure_time, airplane_id, arrival_airport_id, basic_fare_arrival, basic_fare_departure, departure_airport_id) VALUES ('MSA10103', '2019-10-1 13:00', '2019-10-1 16:00', 003, 'KIX', 'KIX', 'SPK', 'SPK');
INSERT INTO flight (name, arrival_time, departure_time, airplane_id, arrival_airport_id, basic_fare_arrival, basic_fare_departure, departure_airport_id) VALUES ('MSA10104', '2019-10-1 20:00', '2019-10-1 22:00', 004, 'FUK', 'FUK', 'NRT', 'NRT');
INSERT INTO flight (name, arrival_time, departure_time, airplane_id, arrival_airport_id, basic_fare_arrival, basic_fare_departure, departure_airport_id) VALUES ('MSA10105', '2019-10-1 22:00', '2019-10-1 23:00', 005, 'HND', 'HND', 'KIX', 'KIX');
INSERT INTO flight (name, arrival_time, departure_time, airplane_id, arrival_airport_id, basic_fare_arrival, basic_fare_departure, departure_airport_id) VALUES ('MSA10201', '2019-10-2 09:00', '2019-10-2 10:00', 001, 'HND', 'HND', 'ITM', 'ITM');
INSERT INTO flight (name, arrival_time, departure_time, airplane_id, arrival_airport_id, basic_fare_arrival, basic_fare_departure, departure_airport_id) VALUES ('MSA10202', '2019-10-2 10:00', '2019-10-2 11:00', 002, 'HND', 'HND', 'OKA', 'OKA');
INSERT INTO flight (name, arrival_time, departure_time, airplane_id, arrival_airport_id, basic_fare_arrival, basic_fare_departure, departure_airport_id) VALUES ('MSA10203', '2019-10-2 13:00', '2019-10-2 16:00', 003, 'KIX', 'KIX', 'SPK', 'SPK');
INSERT INTO flight (name, arrival_time, departure_time, airplane_id, arrival_airport_id, basic_fare_arrival, basic_fare_departure, departure_airport_id) VALUES ('MSA10204', '2019-10-2 20:00', '2019-10-2 22:00', 004, 'FUK', 'FUK', 'NRT', 'NRT');
INSERT INTO flight (name, arrival_time, departure_time, airplane_id, arrival_airport_id, basic_fare_arrival, basic_fare_departure, departure_airport_id) VALUES ('MSA10205', '2019-10-2 22:00', '2019-10-2 23:00', 005, 'HND', 'HND', 'KIX', 'KIX');
INSERT INTO flight (name, arrival_time, departure_time, airplane_id, arrival_airport_id, basic_fare_arrival, basic_fare_departure, departure_airport_id) VALUES ('MSA10301', '2019-10-3 09:00', '2019-10-3 10:00', 001, 'HND', 'HND', 'ITM', 'ITM');
INSERT INTO flight (name, arrival_time, departure_time, airplane_id, arrival_airport_id, basic_fare_arrival, basic_fare_departure, departure_airport_id) VALUES ('MSA10302', '2019-10-3 10:00', '2019-10-3 11:00', 002, 'HND', 'HND', 'OKA', 'OKA');
INSERT INTO flight (name, arrival_time, departure_time, airplane_id, arrival_airport_id, basic_fare_arrival, basic_fare_departure, departure_airport_id) VALUES ('MSA10303', '2019-10-3 13:00', '2019-10-3 16:00', 003, 'KIX', 'KIX', 'SPK', 'SPK');
INSERT INTO flight (name, arrival_time, departure_time, airplane_id, arrival_airport_id, basic_fare_arrival, basic_fare_departure, departure_airport_id) VALUES ('MSA10304', '2019-10-3 20:00', '2019-10-3 22:00', 004, 'FUK', 'FUK', 'NRT', 'NRT');
INSERT INTO flight (name, arrival_time, departure_time, airplane_id, arrival_airport_id, basic_fare_arrival, basic_fare_departure, departure_airport_id) VALUES ('MSA10305', '2019-10-3 22:00', '2019-10-3 23:00', 005, 'HND', 'HND', 'KIX', 'KIX');
INSERT INTO flight (name, arrival_time, departure_time, airplane_id, arrival_airport_id, basic_fare_arrival, basic_fare_departure, departure_airport_id) VALUES ('MSA10401', '2019-10-4 09:00', '2019-10-4 10:00', 001, 'HND', 'HND', 'ITM', 'ITM');
INSERT INTO flight (name, arrival_time, departure_time, airplane_id, arrival_airport_id, basic_fare_arrival, basic_fare_departure, departure_airport_id) VALUES ('MSA10402', '2019-10-4 10:00', '2019-10-4 11:00', 002, 'HND', 'HND', 'OKA', 'OKA');
INSERT INTO flight (name, arrival_time, departure_time, airplane_id, arrival_airport_id, basic_fare_arrival, basic_fare_departure, departure_airport_id) VALUES ('MSA10403', '2019-10-4 13:00', '2019-10-4 16:00', 003, 'KIX', 'KIX', 'SPK', 'SPK');
INSERT INTO flight (name, arrival_time, departure_time, airplane_id, arrival_airport_id, basic_fare_arrival, basic_fare_departure, departure_airport_id) VALUES ('MSA10404', '2019-10-4 20:00', '2019-10-4 22:00', 004, 'FUK', 'FUK', 'NRT', 'NRT');
INSERT INTO flight (name, arrival_time, departure_time, airplane_id, arrival_airport_id, basic_fare_arrival, basic_fare_departure, departure_airport_id) VALUES ('MSA10405', '2019-10-4 22:00', '2019-10-4 23:00', 005, 'HND', 'HND', 'KIX', 'KIX');
INSERT INTO flight (name, arrival_time, departure_time, airplane_id, arrival_airport_id, basic_fare_arrival, basic_fare_departure, departure_airport_id) VALUES ('MSA10501', '2019-10-5 09:00', '2019-10-5 10:00', 001, 'HND', 'HND', 'ITM', 'ITM');
INSERT INTO flight (name, arrival_time, departure_time, airplane_id, arrival_airport_id, basic_fare_arrival, basic_fare_departure, departure_airport_id) VALUES ('MSA10502', '2019-10-5 10:00', '2019-10-5 11:00', 002, 'HND', 'HND', 'OKA', 'OKA');
INSERT INTO flight (name, arrival_time, departure_time, airplane_id, arrival_airport_id, basic_fare_arrival, basic_fare_departure, departure_airport_id) VALUES ('MSA10503', '2019-10-5 13:00', '2019-10-5 16:00', 003, 'KIX', 'KIX', 'SPK', 'SPK');
INSERT INTO flight (name, arrival_time, departure_time, airplane_id, arrival_airport_id, basic_fare_arrival, basic_fare_departure, departure_airport_id) VALUES ('MSA10504', '2019-10-5 20:00', '2019-10-5 22:00', 004, 'FUK', 'FUK', 'NRT', 'NRT');
INSERT INTO flight (name, arrival_time, departure_time, airplane_id, arrival_airport_id, basic_fare_arrival, basic_fare_departure, departure_airport_id) VALUES ('MSA10505', '2019-10-5 22:00', '2019-10-5 23:00', 005, 'HND', 'HND', 'KIX', 'KIX');
INSERT INTO flight (name, arrival_time, departure_time, airplane_id, arrival_airport_id, basic_fare_arrival, basic_fare_departure, departure_airport_id) VALUES ('MSA10601', '2019-10-6 09:00', '2019-10-6 10:00', 001, 'HND', 'HND', 'ITM', 'ITM');
INSERT INTO flight (name, arrival_time, departure_time, airplane_id, arrival_airport_id, basic_fare_arrival, basic_fare_departure, departure_airport_id) VALUES ('MSA10602', '2019-10-6 10:00', '2019-10-6 11:00', 002, 'HND', 'HND', 'OKA', 'OKA');
INSERT INTO flight (name, arrival_time, departure_time, airplane_id, arrival_airport_id, basic_fare_arrival, basic_fare_departure, departure_airport_id) VALUES ('MSA10603', '2019-10-6 13:00', '2019-10-6 16:00', 003, 'KIX', 'KIX', 'SPK', 'SPK');
INSERT INTO flight (name, arrival_time, departure_time, airplane_id, arrival_airport_id, basic_fare_arrival, basic_fare_departure, departure_airport_id) VALUES ('MSA10604', '2019-10-6 20:00', '2019-10-6 22:00', 004, 'FUK', 'FUK', 'NRT', 'NRT');
INSERT INTO flight (name, arrival_time, departure_time, airplane_id, arrival_airport_id, basic_fare_arrival, basic_fare_departure, departure_airport_id) VALUES ('MSA10605', '2019-10-6 22:00', '2019-10-6 23:00', 005, 'HND', 'HND', 'KIX', 'KIX');
INSERT INTO flight (name, arrival_time, departure_time, airplane_id, arrival_airport_id, basic_fare_arrival, basic_fare_departure, departure_airport_id) VALUES ('MSA10701', '2019-10-7 09:00', '2019-10-7 10:00', 001, 'HND', 'HND', 'ITM', 'ITM');
INSERT INTO flight (name, arrival_time, departure_time, airplane_id, arrival_airport_id, basic_fare_arrival, basic_fare_departure, departure_airport_id) VALUES ('MSA10702', '2019-10-7 10:00', '2019-10-7 11:00', 002, 'HND', 'HND', 'OKA', 'OKA');
INSERT INTO flight (name, arrival_time, departure_time, airplane_id, arrival_airport_id, basic_fare_arrival, basic_fare_departure, departure_airport_id) VALUES ('MSA10703', '2019-10-7 13:00', '2019-10-7 16:00', 003, 'KIX', 'KIX', 'SPK', 'SPK');
INSERT INTO flight (name, arrival_time, departure_time, airplane_id, arrival_airport_id, basic_fare_arrival, basic_fare_departure, departure_airport_id) VALUES ('MSA10704', '2019-10-7 20:00', '2019-10-7 22:00', 004, 'FUK', 'FUK', 'NRT', 'NRT');
INSERT INTO flight (name, arrival_time, departure_time, airplane_id, arrival_airport_id, basic_fare_arrival, basic_fare_departure, departure_airport_id) VALUES ('MSA10705', '2019-10-7 22:00', '2019-10-7 23:00', 005, 'HND', 'HND', 'KIX', 'KIX');
INSERT INTO flight (name, arrival_time, departure_time, airplane_id, arrival_airport_id, basic_fare_arrival, basic_fare_departure, departure_airport_id) VALUES ('MSA10801', '2019-10-8 09:00', '2019-10-8 10:00', 001, 'HND', 'HND', 'ITM', 'ITM');
INSERT INTO flight (name, arrival_time, departure_time, airplane_id, arrival_airport_id, basic_fare_arrival, basic_fare_departure, departure_airport_id) VALUES ('MSA10802', '2019-10-8 10:00', '2019-10-8 11:00', 002, 'HND', 'HND', 'OKA', 'OKA');
INSERT INTO flight (name, arrival_time, departure_time, airplane_id, arrival_airport_id, basic_fare_arrival, basic_fare_departure, departure_airport_id) VALUES ('MSA10803', '2019-10-8 13:00', '2019-10-8 16:00', 003, 'KIX', 'KIX', 'SPK', 'SPK');
INSERT INTO flight (name, arrival_time, departure_time, airplane_id, arrival_airport_id, basic_fare_arrival, basic_fare_departure, departure_airport_id) VALUES ('MSA10804', '2019-10-8 20:00', '2019-10-8 22:00', 004, 'FUK', 'FUK', 'NRT', 'NRT');
INSERT INTO flight (name, arrival_time, departure_time, airplane_id, arrival_airport_id, basic_fare_arrival, basic_fare_departure, departure_airport_id) VALUES ('MSA10805', '2019-10-8 22:00', '2019-10-8 23:00', 005, 'HND', 'HND', 'KIX', 'KIX');
INSERT INTO flight (name, arrival_time, departure_time, airplane_id, arrival_airport_id, basic_fare_arrival, basic_fare_departure, departure_airport_id) VALUES ('MSA10901', '2019-10-9 09:00', '2019-10-9 10:00', 001, 'HND', 'HND', 'ITM', 'ITM');
INSERT INTO flight (name, arrival_time, departure_time, airplane_id, arrival_airport_id, basic_fare_arrival, basic_fare_departure, departure_airport_id) VALUES ('MSA10902', '2019-10-9 10:00', '2019-10-9 11:00', 002, 'HND', 'HND', 'OKA', 'OKA');
INSERT INTO flight (name, arrival_time, departure_time, airplane_id, arrival_airport_id, basic_fare_arrival, basic_fare_departure, departure_airport_id) VALUES ('MSA10903', '2019-10-9 13:00', '2019-10-9 16:00', 003, 'KIX', 'KIX', 'SPK', 'SPK');
INSERT INTO flight (name, arrival_time, departure_time, airplane_id, arrival_airport_id, basic_fare_arrival, basic_fare_departure, departure_airport_id) VALUES ('MSA10904', '2019-10-9 20:00', '2019-10-9 22:00', 004, 'FUK', 'FUK', 'NRT', 'NRT');
INSERT INTO flight (name, arrival_time, departure_time, airplane_id, arrival_airport_id, basic_fare_arrival, basic_fare_departure, departure_airport_id) VALUES ('MSA10905', '2019-10-9 22:00', '2019-10-9 23:00', 005, 'HND', 'HND', 'KIX', 'KIX');
INSERT INTO flight (name, arrival_time, departure_time, airplane_id, arrival_airport_id, basic_fare_arrival, basic_fare_departure, departure_airport_id) VALUES ('MSA101001', '2019-10-10 09:00', '2019-10-10 10:00', 001, 'HND', 'HND', 'ITM', 'ITM');
INSERT INTO flight (name, arrival_time, departure_time, airplane_id, arrival_airport_id, basic_fare_arrival, basic_fare_departure, departure_airport_id) VALUES ('MSA101002', '2019-10-10 10:00', '2019-10-10 11:00', 002, 'HND', 'HND', 'OKA', 'OKA');
INSERT INTO flight (name, arrival_time, departure_time, airplane_id, arrival_airport_id, basic_fare_arrival, basic_fare_departure, departure_airport_id) VALUES ('MSA101003', '2019-10-10 13:00', '2019-10-10 16:00', 003, 'KIX', 'KIX', 'SPK', 'SPK');
INSERT INTO flight (name, arrival_time, departure_time, airplane_id, arrival_airport_id, basic_fare_arrival, basic_fare_departure, departure_airport_id) VALUES ('MSA101004', '2019-10-10 20:00', '2019-10-10 22:00', 004, 'FUK', 'FUK', 'NRT', 'NRT');
INSERT INTO flight (name, arrival_time, departure_time, airplane_id, arrival_airport_id, basic_fare_arrival, basic_fare_departure, departure_airport_id) VALUES ('MSA101005', '2019-10-10 22:00', '2019-10-10 23:00', 005, 'HND', 'HND', 'KIX', 'KIX');
INSERT INTO flight (name, arrival_time, departure_time, airplane_id, arrival_airport_id, basic_fare_arrival, basic_fare_departure, departure_airport_id) VALUES ('MSA101101', '2019-10-11 09:00', '2019-10-11 10:00', 001, 'HND', 'HND', 'ITM', 'ITM');
INSERT INTO flight (name, arrival_time, departure_time, airplane_id, arrival_airport_id, basic_fare_arrival, basic_fare_departure, departure_airport_id) VALUES ('MSA101102', '2019-10-11 10:00', '2019-10-11 11:00', 002, 'HND', 'HND', 'OKA', 'OKA');
INSERT INTO flight (name, arrival_time, departure_time, airplane_id, arrival_airport_id, basic_fare_arrival, basic_fare_departure, departure_airport_id) VALUES ('MSA101103', '2019-10-11 13:00', '2019-10-11 16:00', 003, 'KIX', 'KIX', 'SPK', 'SPK');
INSERT INTO flight (name, arrival_time, departure_time, airplane_id, arrival_airport_id, basic_fare_arrival, basic_fare_departure, departure_airport_id) VALUES ('MSA101104', '2019-10-11 20:00', '2019-10-11 22:00', 004, 'FUK', 'FUK', 'NRT', 'NRT');
INSERT INTO flight (name, arrival_time, departure_time, airplane_id, arrival_airport_id, basic_fare_arrival, basic_fare_departure, departure_airport_id) VALUES ('MSA101105', '2019-10-11 22:00', '2019-10-11 23:00', 005, 'HND', 'HND', 'KIX', 'KIX');
INSERT INTO flight (name, arrival_time, departure_time, airplane_id, arrival_airport_id, basic_fare_arrival, basic_fare_departure, departure_airport_id) VALUES ('MSA101201', '2019-10-12 09:00', '2019-10-12 10:00', 001, 'HND', 'HND', 'ITM', 'ITM');
INSERT INTO flight (name, arrival_time, departure_time, airplane_id, arrival_airport_id, basic_fare_arrival, basic_fare_departure, departure_airport_id) VALUES ('MSA101202', '2019-10-12 10:00', '2019-10-12 11:00', 002, 'HND', 'HND', 'OKA', 'OKA');
INSERT INTO flight (name, arrival_time, departure_time, airplane_id, arrival_airport_id, basic_fare_arrival, basic_fare_departure, departure_airport_id) VALUES ('MSA101203', '2019-10-12 13:00', '2019-10-12 16:00', 003, 'KIX', 'KIX', 'SPK', 'SPK');
INSERT INTO flight (name, arrival_time, departure_time, airplane_id, arrival_airport_id, basic_fare_arrival, basic_fare_departure, departure_airport_id) VALUES ('MSA101204', '2019-10-12 20:00', '2019-10-12 22:00', 004, 'FUK', 'FUK', 'NRT', 'NRT');
INSERT INTO flight (name, arrival_time, departure_time, airplane_id, arrival_airport_id, basic_fare_arrival, basic_fare_departure, departure_airport_id) VALUES ('MSA101205', '2019-10-12 22:00', '2019-10-12 23:00', 005, 'HND', 'HND', 'KIX', 'KIX');
INSERT INTO flight (name, arrival_time, departure_time, airplane_id, arrival_airport_id, basic_fare_arrival, basic_fare_departure, departure_airport_id) VALUES ('MSA101301', '2019-10-13 09:00', '2019-10-13 10:00', 001, 'HND', 'HND', 'ITM', 'ITM');
INSERT INTO flight (name, arrival_time, departure_time, airplane_id, arrival_airport_id, basic_fare_arrival, basic_fare_departure, departure_airport_id) VALUES ('MSA101302', '2019-10-13 10:00', '2019-10-13 11:00', 002, 'HND', 'HND', 'OKA', 'OKA');
INSERT INTO flight (name, arrival_time, departure_time, airplane_id, arrival_airport_id, basic_fare_arrival, basic_fare_departure, departure_airport_id) VALUES ('MSA101303', '2019-10-13 13:00', '2019-10-13 16:00', 003, 'KIX', 'KIX', 'SPK', 'SPK');
INSERT INTO flight (name, arrival_time, departure_time, airplane_id, arrival_airport_id, basic_fare_arrival, basic_fare_departure, departure_airport_id) VALUES ('MSA101304', '2019-10-13 20:00', '2019-10-13 22:00', 004, 'FUK', 'FUK', 'NRT', 'NRT');
INSERT INTO flight (name, arrival_time, departure_time, airplane_id, arrival_airport_id, basic_fare_arrival, basic_fare_departure, departure_airport_id) VALUES ('MSA101305', '2019-10-13 22:00', '2019-10-13 23:00', 005, 'HND', 'HND', 'KIX', 'KIX');
INSERT INTO flight (name, arrival_time, departure_time, airplane_id, arrival_airport_id, basic_fare_arrival, basic_fare_departure, departure_airport_id) VALUES ('MSA101401', '2019-10-14 09:00', '2019-10-14 10:00', 001, 'HND', 'HND', 'ITM', 'ITM');
INSERT INTO flight (name, arrival_time, departure_time, airplane_id, arrival_airport_id, basic_fare_arrival, basic_fare_departure, departure_airport_id) VALUES ('MSA101402', '2019-10-14 10:00', '2019-10-14 11:00', 002, 'HND', 'HND', 'OKA', 'OKA');
INSERT INTO flight (name, arrival_time, departure_time, airplane_id, arrival_airport_id, basic_fare_arrival, basic_fare_departure, departure_airport_id) VALUES ('MSA101403', '2019-10-14 13:00', '2019-10-14 16:00', 003, 'KIX', 'KIX', 'SPK', 'SPK');
INSERT INTO flight (name, arrival_time, departure_time, airplane_id, arrival_airport_id, basic_fare_arrival, basic_fare_departure, departure_airport_id) VALUES ('MSA101404', '2019-10-14 20:00', '2019-10-14 22:00', 004, 'FUK', 'FUK', 'NRT', 'NRT');
INSERT INTO flight (name, arrival_time, departure_time, airplane_id, arrival_airport_id, basic_fare_arrival, basic_fare_departure, departure_airport_id) VALUES ('MSA101405', '2019-10-14 22:00', '2019-10-14 23:00', 005, 'HND', 'HND', 'KIX', 'KIX');
INSERT INTO flight (name, arrival_time, departure_time, airplane_id, arrival_airport_id, basic_fare_arrival, basic_fare_departure, departure_airport_id) VALUES ('MSA101501', '2019-10-15 09:00', '2019-10-15 10:00', 001, 'HND', 'HND', 'ITM', 'ITM');
INSERT INTO flight (name, arrival_time, departure_time, airplane_id, arrival_airport_id, basic_fare_arrival, basic_fare_departure, departure_airport_id) VALUES ('MSA101502', '2019-10-15 10:00', '2019-10-15 11:00', 002, 'HND', 'HND', 'OKA', 'OKA');
INSERT INTO flight (name, arrival_time, departure_time, airplane_id, arrival_airport_id, basic_fare_arrival, basic_fare_departure, departure_airport_id) VALUES ('MSA101503', '2019-10-15 13:00', '2019-10-15 16:00', 003, 'KIX', 'KIX', 'SPK', 'SPK');
INSERT INTO flight (name, arrival_time, departure_time, airplane_id, arrival_airport_id, basic_fare_arrival, basic_fare_departure, departure_airport_id) VALUES ('MSA101504', '2019-10-15 20:00', '2019-10-15 22:00', 004, 'FUK', 'FUK', 'NRT', 'NRT');
INSERT INTO flight (name, arrival_time, departure_time, airplane_id, arrival_airport_id, basic_fare_arrival, basic_fare_departure, departure_airport_id) VALUES ('MSA101505', '2019-10-15 22:00', '2019-10-15 23:00', 005, 'HND', 'HND', 'KIX', 'KIX');
INSERT INTO flight (name, arrival_time, departure_time, airplane_id, arrival_airport_id, basic_fare_arrival, basic_fare_departure, departure_airport_id) VALUES ('MSA101601', '2019-10-16 09:00', '2019-10-16 10:00', 001, 'HND', 'HND', 'ITM', 'ITM');
INSERT INTO flight (name, arrival_time, departure_time, airplane_id, arrival_airport_id, basic_fare_arrival, basic_fare_departure, departure_airport_id) VALUES ('MSA101602', '2019-10-16 10:00', '2019-10-16 11:00', 002, 'HND', 'HND', 'OKA', 'OKA');
INSERT INTO flight (name, arrival_time, departure_time, airplane_id, arrival_airport_id, basic_fare_arrival, basic_fare_departure, departure_airport_id) VALUES ('MSA101603', '2019-10-16 13:00', '2019-10-16 16:00', 003, 'KIX', 'KIX', 'SPK', 'SPK');
INSERT INTO flight (name, arrival_time, departure_time, airplane_id, arrival_airport_id, basic_fare_arrival, basic_fare_departure, departure_airport_id) VALUES ('MSA101604', '2019-10-16 20:00', '2019-10-16 22:00', 004, 'FUK', 'FUK', 'NRT', 'NRT');
INSERT INTO flight (name, arrival_time, departure_time, airplane_id, arrival_airport_id, basic_fare_arrival, basic_fare_departure, departure_airport_id) VALUES ('MSA101605', '2019-10-16 22:00', '2019-10-16 23:00', 005, 'HND', 'HND', 'KIX', 'KIX');
INSERT INTO flight (name, arrival_time, departure_time, airplane_id, arrival_airport_id, basic_fare_arrival, basic_fare_departure, departure_airport_id) VALUES ('MSA101701', '2019-10-17 09:00', '2019-10-17 10:00', 001, 'HND', 'HND', 'ITM', 'ITM');
INSERT INTO flight (name, arrival_time, departure_time, airplane_id, arrival_airport_id, basic_fare_arrival, basic_fare_departure, departure_airport_id) VALUES ('MSA101702', '2019-10-17 10:00', '2019-10-17 11:00', 002, 'HND', 'HND', 'OKA', 'OKA');
INSERT INTO flight (name, arrival_time, departure_time, airplane_id, arrival_airport_id, basic_fare_arrival, basic_fare_departure, departure_airport_id) VALUES ('MSA101703', '2019-10-17 13:00', '2019-10-17 16:00', 003, 'KIX', 'KIX', 'SPK', 'SPK');
INSERT INTO flight (name, arrival_time, departure_time, airplane_id, arrival_airport_id, basic_fare_arrival, basic_fare_departure, departure_airport_id) VALUES ('MSA101704', '2019-10-17 20:00', '2019-10-17 22:00', 004, 'FUK', 'FUK', 'NRT', 'NRT');
INSERT INTO flight (name, arrival_time, departure_time, airplane_id, arrival_airport_id, basic_fare_arrival, basic_fare_departure, departure_airport_id) VALUES ('MSA101705', '2019-10-17 22:00', '2019-10-17 23:00', 005, 'HND', 'HND', 'KIX', 'KIX');
INSERT INTO flight (name, arrival_time, departure_time, airplane_id, arrival_airport_id, basic_fare_arrival, basic_fare_departure, departure_airport_id) VALUES ('MSA101801', '2019-10-18 09:00', '2019-10-18 10:00', 001, 'HND', 'HND', 'ITM', 'ITM');
INSERT INTO flight (name, arrival_time, departure_time, airplane_id, arrival_airport_id, basic_fare_arrival, basic_fare_departure, departure_airport_id) VALUES ('MSA101802', '2019-10-18 10:00', '2019-10-18 11:00', 002, 'HND', 'HND', 'OKA', 'OKA');
INSERT INTO flight (name, arrival_time, departure_time, airplane_id, arrival_airport_id, basic_fare_arrival, basic_fare_departure, departure_airport_id) VALUES ('MSA101803', '2019-10-18 13:00', '2019-10-18 16:00', 003, 'KIX', 'KIX', 'SPK', 'SPK');
INSERT INTO flight (name, arrival_time, departure_time, airplane_id, arrival_airport_id, basic_fare_arrival, basic_fare_departure, departure_airport_id) VALUES ('MSA101804', '2019-10-18 20:00', '2019-10-18 22:00', 004, 'FUK', 'FUK', 'NRT', 'NRT');
INSERT INTO flight (name, arrival_time, departure_time, airplane_id, arrival_airport_id, basic_fare_arrival, basic_fare_departure, departure_airport_id) VALUES ('MSA101805', '2019-10-18 22:00', '2019-10-18 23:00', 005, 'HND', 'HND', 'KIX', 'KIX');
INSERT INTO flight (name, arrival_time, departure_time, airplane_id, arrival_airport_id, basic_fare_arrival, basic_fare_departure, departure_airport_id) VALUES ('MSA101901', '2019-10-19 09:00', '2019-10-19 10:00', 001, 'HND', 'HND', 'ITM', 'ITM');
INSERT INTO flight (name, arrival_time, departure_time, airplane_id, arrival_airport_id, basic_fare_arrival, basic_fare_departure, departure_airport_id) VALUES ('MSA101902', '2019-10-19 10:00', '2019-10-19 11:00', 002, 'HND', 'HND', 'OKA', 'OKA');
INSERT INTO flight (name, arrival_time, departure_time, airplane_id, arrival_airport_id, basic_fare_arrival, basic_fare_departure, departure_airport_id) VALUES ('MSA101903', '2019-10-19 13:00', '2019-10-19 16:00', 003, 'KIX', 'KIX', 'SPK', 'SPK');
INSERT INTO flight (name, arrival_time, departure_time, airplane_id, arrival_airport_id, basic_fare_arrival, basic_fare_departure, departure_airport_id) VALUES ('MSA101904', '2019-10-19 20:00', '2019-10-19 22:00', 004, 'FUK', 'FUK', 'NRT', 'NRT');
INSERT INTO flight (name, arrival_time, departure_time, airplane_id, arrival_airport_id, basic_fare_arrival, basic_fare_departure, departure_airport_id) VALUES ('MSA101905', '2019-10-19 22:00', '2019-10-19 23:00', 005, 'HND', 'HND', 'KIX', 'KIX');
INSERT INTO flight (name, arrival_time, departure_time, airplane_id, arrival_airport_id, basic_fare_arrival, basic_fare_departure, departure_airport_id) VALUES ('MSA102001', '2019-10-20 09:00', '2019-10-20 10:00', 001, 'HND', 'HND', 'ITM', 'ITM');
INSERT INTO flight (name, arrival_time, departure_time, airplane_id, arrival_airport_id, basic_fare_arrival, basic_fare_departure, departure_airport_id) VALUES ('MSA102002', '2019-10-20 10:00', '2019-10-20 11:00', 002, 'HND', 'HND', 'OKA', 'OKA');
INSERT INTO flight (name, arrival_time, departure_time, airplane_id, arrival_airport_id, basic_fare_arrival, basic_fare_departure, departure_airport_id) VALUES ('MSA102003', '2019-10-20 13:00', '2019-10-20 16:00', 003, 'KIX', 'KIX', 'SPK', 'SPK');
INSERT INTO flight (name, arrival_time, departure_time, airplane_id, arrival_airport_id, basic_fare_arrival, basic_fare_departure, departure_airport_id) VALUES ('MSA102004', '2019-10-20 20:00', '2019-10-20 22:00', 004, 'FUK', 'FUK', 'NRT', 'NRT');
INSERT INTO flight (name, arrival_time, departure_time, airplane_id, arrival_airport_id, basic_fare_arrival, basic_fare_departure, departure_airport_id) VALUES ('MSA102005', '2019-10-20 22:00', '2019-10-20 23:00', 005, 'HND', 'HND', 'KIX', 'KIX');
INSERT INTO flight (name, arrival_time, departure_time, airplane_id, arrival_airport_id, basic_fare_arrival, basic_fare_departure, departure_airport_id) VALUES ('MSA102101', '2019-10-21 09:00', '2019-10-21 10:00', 001, 'HND', 'HND', 'ITM', 'ITM');
INSERT INTO flight (name, arrival_time, departure_time, airplane_id, arrival_airport_id, basic_fare_arrival, basic_fare_departure, departure_airport_id) VALUES ('MSA102102', '2019-10-21 10:00', '2019-10-21 11:00', 002, 'HND', 'HND', 'OKA', 'OKA');
INSERT INTO flight (name, arrival_time, departure_time, airplane_id, arrival_airport_id, basic_fare_arrival, basic_fare_departure, departure_airport_id) VALUES ('MSA102103', '2019-10-21 13:00', '2019-10-21 16:00', 003, 'KIX', 'KIX', 'SPK', 'SPK');
INSERT INTO flight (name, arrival_time, departure_time, airplane_id, arrival_airport_id, basic_fare_arrival, basic_fare_departure, departure_airport_id) VALUES ('MSA102104', '2019-10-21 20:00', '2019-10-21 22:00', 004, 'FUK', 'FUK', 'NRT', 'NRT');
INSERT INTO flight (name, arrival_time, departure_time, airplane_id, arrival_airport_id, basic_fare_arrival, basic_fare_departure, departure_airport_id) VALUES ('MSA102105', '2019-10-21 22:00', '2019-10-21 23:00', 005, 'HND', 'HND', 'KIX', 'KIX');
INSERT INTO flight (name, arrival_time, departure_time, airplane_id, arrival_airport_id, basic_fare_arrival, basic_fare_departure, departure_airport_id) VALUES ('MSA102201', '2019-10-22 09:00', '2019-10-22 10:00', 001, 'HND', 'HND', 'ITM', 'ITM');
INSERT INTO flight (name, arrival_time, departure_time, airplane_id, arrival_airport_id, basic_fare_arrival, basic_fare_departure, departure_airport_id) VALUES ('MSA102202', '2019-10-22 10:00', '2019-10-22 11:00', 002, 'HND', 'HND', 'OKA', 'OKA');
INSERT INTO flight (name, arrival_time, departure_time, airplane_id, arrival_airport_id, basic_fare_arrival, basic_fare_departure, departure_airport_id) VALUES ('MSA102203', '2019-10-22 13:00', '2019-10-22 16:00', 003, 'KIX', 'KIX', 'SPK', 'SPK');
INSERT INTO flight (name, arrival_time, departure_time, airplane_id, arrival_airport_id, basic_fare_arrival, basic_fare_departure, departure_airport_id) VALUES ('MSA102204', '2019-10-22 20:00', '2019-10-22 22:00', 004, 'FUK', 'FUK', 'NRT', 'NRT');
INSERT INTO flight (name, arrival_time, departure_time, airplane_id, arrival_airport_id, basic_fare_arrival, basic_fare_departure, departure_airport_id) VALUES ('MSA102205', '2019-10-22 22:00', '2019-10-22 23:00', 005, 'HND', 'HND', 'KIX', 'KIX');
INSERT INTO flight (name, arrival_time, departure_time, airplane_id, arrival_airport_id, basic_fare_arrival, basic_fare_departure, departure_airport_id) VALUES ('MSA102301', '2019-10-23 09:00', '2019-10-23 10:00', 001, 'HND', 'HND', 'ITM', 'ITM');
INSERT INTO flight (name, arrival_time, departure_time, airplane_id, arrival_airport_id, basic_fare_arrival, basic_fare_departure, departure_airport_id) VALUES ('MSA102302', '2019-10-23 10:00', '2019-10-23 11:00', 002, 'HND', 'HND', 'OKA', 'OKA');
INSERT INTO flight (name, arrival_time, departure_time, airplane_id, arrival_airport_id, basic_fare_arrival, basic_fare_departure, departure_airport_id) VALUES ('MSA102303', '2019-10-23 13:00', '2019-10-23 16:00', 003, 'KIX', 'KIX', 'SPK', 'SPK');
INSERT INTO flight (name, arrival_time, departure_time, airplane_id, arrival_airport_id, basic_fare_arrival, basic_fare_departure, departure_airport_id) VALUES ('MSA102304', '2019-10-23 20:00', '2019-10-23 22:00', 004, 'FUK', 'FUK', 'NRT', 'NRT');
INSERT INTO flight (name, arrival_time, departure_time, airplane_id, arrival_airport_id, basic_fare_arrival, basic_fare_departure, departure_airport_id) VALUES ('MSA102305', '2019-10-23 22:00', '2019-10-23 23:00', 005, 'HND', 'HND', 'KIX', 'KIX');
INSERT INTO flight (name, arrival_time, departure_time, airplane_id, arrival_airport_id, basic_fare_arrival, basic_fare_departure, departure_airport_id) VALUES ('MSA102401', '2019-10-24 09:00', '2019-10-24 10:00', 001, 'HND', 'HND', 'ITM', 'ITM');
INSERT INTO flight (name, arrival_time, departure_time, airplane_id, arrival_airport_id, basic_fare_arrival, basic_fare_departure, departure_airport_id) VALUES ('MSA102402', '2019-10-24 10:00', '2019-10-24 11:00', 002, 'HND', 'HND', 'OKA', 'OKA');
INSERT INTO flight (name, arrival_time, departure_time, airplane_id, arrival_airport_id, basic_fare_arrival, basic_fare_departure, departure_airport_id) VALUES ('MSA102403', '2019-10-24 13:00', '2019-10-24 16:00', 003, 'KIX', 'KIX', 'SPK', 'SPK');
INSERT INTO flight (name, arrival_time, departure_time, airplane_id, arrival_airport_id, basic_fare_arrival, basic_fare_departure, departure_airport_id) VALUES ('MSA102404', '2019-10-24 20:00', '2019-10-24 22:00', 004, 'FUK', 'FUK', 'NRT', 'NRT');
INSERT INTO flight (name, arrival_time, departure_time, airplane_id, arrival_airport_id, basic_fare_arrival, basic_fare_departure, departure_airport_id) VALUES ('MSA102405', '2019-10-24 22:00', '2019-10-24 23:00', 005, 'HND', 'HND', 'KIX', 'KIX');
INSERT INTO flight (name, arrival_time, departure_time, airplane_id, arrival_airport_id, basic_fare_arrival, basic_fare_departure, departure_airport_id) VALUES ('MSA102501', '2019-10-25 09:00', '2019-10-25 10:00', 001, 'HND', 'HND', 'ITM', 'ITM');
INSERT INTO flight (name, arrival_time, departure_time, airplane_id, arrival_airport_id, basic_fare_arrival, basic_fare_departure, departure_airport_id) VALUES ('MSA102502', '2019-10-25 10:00', '2019-10-25 11:00', 002, 'HND', 'HND', 'OKA', 'OKA');
INSERT INTO flight (name, arrival_time, departure_time, airplane_id, arrival_airport_id, basic_fare_arrival, basic_fare_departure, departure_airport_id) VALUES ('MSA102503', '2019-10-25 13:00', '2019-10-25 16:00', 003, 'KIX', 'KIX', 'SPK', 'SPK');
INSERT INTO flight (name, arrival_time, departure_time, airplane_id, arrival_airport_id, basic_fare_arrival, basic_fare_departure, departure_airport_id) VALUES ('MSA102504', '2019-10-25 20:00', '2019-10-25 22:00', 004, 'FUK', 'FUK', 'NRT', 'NRT');
INSERT INTO flight (name, arrival_time, departure_time, airplane_id, arrival_airport_id, basic_fare_arrival, basic_fare_departure, departure_airport_id) VALUES ('MSA102505', '2019-10-25 22:00', '2019-10-25 23:00', 005, 'HND', 'HND', 'KIX', 'KIX');
INSERT INTO flight (name, arrival_time, departure_time, airplane_id, arrival_airport_id, basic_fare_arrival, basic_fare_departure, departure_airport_id) VALUES ('MSA102601', '2019-10-26 09:00', '2019-10-26 10:00', 001, 'HND', 'HND', 'ITM', 'ITM');
INSERT INTO flight (name, arrival_time, departure_time, airplane_id, arrival_airport_id, basic_fare_arrival, basic_fare_departure, departure_airport_id) VALUES ('MSA102602', '2019-10-26 10:00', '2019-10-26 11:00', 002, 'HND', 'HND', 'OKA', 'OKA');
INSERT INTO flight (name, arrival_time, departure_time, airplane_id, arrival_airport_id, basic_fare_arrival, basic_fare_departure, departure_airport_id) VALUES ('MSA102603', '2019-10-26 13:00', '2019-10-26 16:00', 003, 'KIX', 'KIX', 'SPK', 'SPK');
INSERT INTO flight (name, arrival_time, departure_time, airplane_id, arrival_airport_id, basic_fare_arrival, basic_fare_departure, departure_airport_id) VALUES ('MSA102604', '2019-10-26 20:00', '2019-10-26 22:00', 004, 'FUK', 'FUK', 'NRT', 'NRT');
INSERT INTO flight (name, arrival_time, departure_time, airplane_id, arrival_airport_id, basic_fare_arrival, basic_fare_departure, departure_airport_id) VALUES ('MSA102605', '2019-10-26 22:00', '2019-10-26 23:00', 005, 'HND', 'HND', 'KIX', 'KIX');
INSERT INTO flight (name, arrival_time, departure_time, airplane_id, arrival_airport_id, basic_fare_arrival, basic_fare_departure, departure_airport_id) VALUES ('MSA102701', '2019-10-27 09:00', '2019-10-27 10:00', 001, 'HND', 'HND', 'ITM', 'ITM');
INSERT INTO flight (name, arrival_time, departure_time, airplane_id, arrival_airport_id, basic_fare_arrival, basic_fare_departure, departure_airport_id) VALUES ('MSA102702', '2019-10-27 10:00', '2019-10-27 11:00', 002, 'HND', 'HND', 'OKA', 'OKA');
INSERT INTO flight (name, arrival_time, departure_time, airplane_id, arrival_airport_id, basic_fare_arrival, basic_fare_departure, departure_airport_id) VALUES ('MSA102703', '2019-10-27 13:00', '2019-10-27 16:00', 003, 'KIX', 'KIX', 'SPK', 'SPK');
INSERT INTO flight (name, arrival_time, departure_time, airplane_id, arrival_airport_id, basic_fare_arrival, basic_fare_departure, departure_airport_id) VALUES ('MSA102704', '2019-10-27 20:00', '2019-10-27 22:00', 004, 'FUK', 'FUK', 'NRT', 'NRT');
INSERT INTO flight (name, arrival_time, departure_time, airplane_id, arrival_airport_id, basic_fare_arrival, basic_fare_departure, departure_airport_id) VALUES ('MSA102705', '2019-10-27 22:00', '2019-10-27 23:00', 005, 'HND', 'HND', 'KIX', 'KIX');
INSERT INTO flight (name, arrival_time, departure_time, airplane_id, arrival_airport_id, basic_fare_arrival, basic_fare_departure, departure_airport_id) VALUES ('MSA102801', '2019-10-28 09:00', '2019-10-28 10:00', 001, 'HND', 'HND', 'ITM', 'ITM');
INSERT INTO flight (name, arrival_time, departure_time, airplane_id, arrival_airport_id, basic_fare_arrival, basic_fare_departure, departure_airport_id) VALUES ('MSA102802', '2019-10-28 10:00', '2019-10-28 11:00', 002, 'HND', 'HND', 'OKA', 'OKA');
INSERT INTO flight (name, arrival_time, departure_time, airplane_id, arrival_airport_id, basic_fare_arrival, basic_fare_departure, departure_airport_id) VALUES ('MSA102803', '2019-10-28 13:00', '2019-10-28 16:00', 003, 'KIX', 'KIX', 'SPK', 'SPK');
INSERT INTO flight (name, arrival_time, departure_time, airplane_id, arrival_airport_id, basic_fare_arrival, basic_fare_departure, departure_airport_id) VALUES ('MSA102804', '2019-10-28 20:00', '2019-10-28 22:00', 004, 'FUK', 'FUK', 'NRT', 'NRT');
INSERT INTO flight (name, arrival_time, departure_time, airplane_id, arrival_airport_id, basic_fare_arrival, basic_fare_departure, departure_airport_id) VALUES ('MSA102805', '2019-10-28 22:00', '2019-10-28 23:00', 005, 'HND', 'HND', 'KIX', 'KIX');
INSERT INTO flight (name, arrival_time, departure_time, airplane_id, arrival_airport_id, basic_fare_arrival, basic_fare_departure, departure_airport_id) VALUES ('MSA102901', '2019-10-29 09:00', '2019-10-29 10:00', 001, 'HND', 'HND', 'ITM', 'ITM');
INSERT INTO flight (name, arrival_time, departure_time, airplane_id, arrival_airport_id, basic_fare_arrival, basic_fare_departure, departure_airport_id) VALUES ('MSA102902', '2019-10-29 10:00', '2019-10-29 11:00', 002, 'HND', 'HND', 'OKA', 'OKA');
INSERT INTO flight (name, arrival_time, departure_time, airplane_id, arrival_airport_id, basic_fare_arrival, basic_fare_departure, departure_airport_id) VALUES ('MSA102903', '2019-10-29 13:00', '2019-10-29 16:00', 003, 'KIX', 'KIX', 'SPK', 'SPK');
INSERT INTO flight (name, arrival_time, departure_time, airplane_id, arrival_airport_id, basic_fare_arrival, basic_fare_departure, departure_airport_id) VALUES ('MSA102904', '2019-10-29 20:00', '2019-10-29 22:00', 004, 'FUK', 'FUK', 'NRT', 'NRT');
INSERT INTO flight (name, arrival_time, departure_time, airplane_id, arrival_airport_id, basic_fare_arrival, basic_fare_departure, departure_airport_id) VALUES ('MSA102905', '2019-10-29 22:00', '2019-10-29 23:00', 005, 'HND', 'HND', 'KIX', 'KIX');
INSERT INTO flight (name, arrival_time, departure_time, airplane_id, arrival_airport_id, basic_fare_arrival, basic_fare_departure, departure_airport_id) VALUES ('MSA103001', '2019-10-30 09:00', '2019-10-30 10:00', 001, 'HND', 'HND', 'ITM', 'ITM');
INSERT INTO flight (name, arrival_time, departure_time, airplane_id, arrival_airport_id, basic_fare_arrival, basic_fare_departure, departure_airport_id) VALUES ('MSA103002', '2019-10-30 10:00', '2019-10-30 11:00', 002, 'HND', 'HND', 'OKA', 'OKA');
INSERT INTO flight (name, arrival_time, departure_time, airplane_id, arrival_airport_id, basic_fare_arrival, basic_fare_departure, departure_airport_id) VALUES ('MSA103003', '2019-10-30 13:00', '2019-10-30 16:00', 003, 'KIX', 'KIX', 'SPK', 'SPK');
INSERT INTO flight (name, arrival_time, departure_time, airplane_id, arrival_airport_id, basic_fare_arrival, basic_fare_departure, departure_airport_id) VALUES ('MSA103004', '2019-10-30 20:00', '2019-10-30 22:00', 004, 'FUK', 'FUK', 'NRT', 'NRT');
INSERT INTO flight (name, arrival_time, departure_time, airplane_id, arrival_airport_id, basic_fare_arrival, basic_fare_departure, departure_airport_id) VALUES ('MSA103005', '2019-10-30 22:00', '2019-10-30 23:00', 005, 'HND', 'HND', 'KIX', 'KIX');
INSERT INTO flight (name, arrival_time, departure_time, airplane_id, arrival_airport_id, basic_fare_arrival, basic_fare_departure, departure_airport_id) VALUES ('MSA103101', '2019-10-31 09:00', '2019-10-31 10:00', 001, 'HND', 'HND', 'ITM', 'ITM');
INSERT INTO flight (name, arrival_time, departure_time, airplane_id, arrival_airport_id, basic_fare_arrival, basic_fare_departure, departure_airport_id) VALUES ('MSA103102', '2019-10-31 10:00', '2019-10-31 11:00', 002, 'HND', 'HND', 'OKA', 'OKA');
INSERT INTO flight (name, arrival_time, departure_time, airplane_id, arrival_airport_id, basic_fare_arrival, basic_fare_departure, departure_airport_id) VALUES ('MSA103103', '2019-10-31 13:00', '2019-10-31 16:00', 003, 'KIX', 'KIX', 'SPK', 'SPK');
INSERT INTO flight (name, arrival_time, departure_time, airplane_id, arrival_airport_id, basic_fare_arrival, basic_fare_departure, departure_airport_id) VALUES ('MSA103104', '2019-10-31 20:00', '2019-10-31 22:00', 004, 'FUK', 'FUK', 'NRT', 'NRT');
INSERT INTO flight (name, arrival_time, departure_time, airplane_id, arrival_airport_id, basic_fare_arrival, basic_fare_departure, departure_airport_id) VALUES ('MSA103105', '2019-10-31 22:00', '2019-10-31 23:00', 005, 'HND', 'HND', 'KIX', 'KIX');

INSERT INTO flight (name, arrival_time, departure_time, airplane_id, arrival_airport_id, basic_fare_arrival, basic_fare_departure, departure_airport_id) VALUES ('MSA11101', '2019-11-1 09:00', '2019-11-1 10:00', 001, 'HND', 'HND', 'ITM', 'ITM');
INSERT INTO flight (name, arrival_time, departure_time, airplane_id, arrival_airport_id, basic_fare_arrival, basic_fare_departure, departure_airport_id) VALUES ('MSA11102', '2019-11-1 10:00', '2019-11-1 11:00', 002, 'HND', 'HND', 'OKA', 'OKA');
INSERT INTO flight (name, arrival_time, departure_time, airplane_id, arrival_airport_id, basic_fare_arrival, basic_fare_departure, departure_airport_id) VALUES ('MSA11103', '2019-11-1 13:00', '2019-11-1 16:00', 003, 'KIX', 'KIX', 'SPK', 'SPK');
INSERT INTO flight (name, arrival_time, departure_time, airplane_id, arrival_airport_id, basic_fare_arrival, basic_fare_departure, departure_airport_id) VALUES ('MSA11104', '2019-11-1 20:00', '2019-11-1 22:00', 004, 'FUK', 'FUK', 'NRT', 'NRT');
INSERT INTO flight (name, arrival_time, departure_time, airplane_id, arrival_airport_id, basic_fare_arrival, basic_fare_departure, departure_airport_id) VALUES ('MSA11105', '2019-11-1 22:00', '2019-11-1 23:00', 005, 'HND', 'HND', 'KIX', 'KIX');
INSERT INTO flight (name, arrival_time, departure_time, airplane_id, arrival_airport_id, basic_fare_arrival, basic_fare_departure, departure_airport_id) VALUES ('MSA11201', '2019-11-2 09:00', '2019-11-2 10:00', 001, 'HND', 'HND', 'ITM', 'ITM');
INSERT INTO flight (name, arrival_time, departure_time, airplane_id, arrival_airport_id, basic_fare_arrival, basic_fare_departure, departure_airport_id) VALUES ('MSA11202', '2019-11-2 10:00', '2019-11-2 11:00', 002, 'HND', 'HND', 'OKA', 'OKA');
INSERT INTO flight (name, arrival_time, departure_time, airplane_id, arrival_airport_id, basic_fare_arrival, basic_fare_departure, departure_airport_id) VALUES ('MSA11203', '2019-11-2 13:00', '2019-11-2 16:00', 003, 'KIX', 'KIX', 'SPK', 'SPK');
INSERT INTO flight (name, arrival_time, departure_time, airplane_id, arrival_airport_id, basic_fare_arrival, basic_fare_departure, departure_airport_id) VALUES ('MSA11204', '2019-11-2 20:00', '2019-11-2 22:00', 004, 'FUK', 'FUK', 'NRT', 'NRT');
INSERT INTO flight (name, arrival_time, departure_time, airplane_id, arrival_airport_id, basic_fare_arrival, basic_fare_departure, departure_airport_id) VALUES ('MSA11205', '2019-11-2 22:00', '2019-11-2 23:00', 005, 'HND', 'HND', 'KIX', 'KIX');
INSERT INTO flight (name, arrival_time, departure_time, airplane_id, arrival_airport_id, basic_fare_arrival, basic_fare_departure, departure_airport_id) VALUES ('MSA11301', '2019-11-3 09:00', '2019-11-3 10:00', 001, 'HND', 'HND', 'ITM', 'ITM');
INSERT INTO flight (name, arrival_time, departure_time, airplane_id, arrival_airport_id, basic_fare_arrival, basic_fare_departure, departure_airport_id) VALUES ('MSA11302', '2019-11-3 10:00', '2019-11-3 11:00', 002, 'HND', 'HND', 'OKA', 'OKA');
INSERT INTO flight (name, arrival_time, departure_time, airplane_id, arrival_airport_id, basic_fare_arrival, basic_fare_departure, departure_airport_id) VALUES ('MSA11303', '2019-11-3 13:00', '2019-11-3 16:00', 003, 'KIX', 'KIX', 'SPK', 'SPK');
INSERT INTO flight (name, arrival_time, departure_time, airplane_id, arrival_airport_id, basic_fare_arrival, basic_fare_departure, departure_airport_id) VALUES ('MSA11304', '2019-11-3 20:00', '2019-11-3 22:00', 004, 'FUK', 'FUK', 'NRT', 'NRT');
INSERT INTO flight (name, arrival_time, departure_time, airplane_id, arrival_airport_id, basic_fare_arrival, basic_fare_departure, departure_airport_id) VALUES ('MSA11305', '2019-11-3 22:00', '2019-11-3 23:00', 005, 'HND', 'HND', 'KIX', 'KIX');
INSERT INTO flight (name, arrival_time, departure_time, airplane_id, arrival_airport_id, basic_fare_arrival, basic_fare_departure, departure_airport_id) VALUES ('MSA11401', '2019-11-4 09:00', '2019-11-4 10:00', 001, 'HND', 'HND', 'ITM', 'ITM');
INSERT INTO flight (name, arrival_time, departure_time, airplane_id, arrival_airport_id, basic_fare_arrival, basic_fare_departure, departure_airport_id) VALUES ('MSA11402', '2019-11-4 10:00', '2019-11-4 11:00', 002, 'HND', 'HND', 'OKA', 'OKA');
INSERT INTO flight (name, arrival_time, departure_time, airplane_id, arrival_airport_id, basic_fare_arrival, basic_fare_departure, departure_airport_id) VALUES ('MSA11403', '2019-11-4 13:00', '2019-11-4 16:00', 003, 'KIX', 'KIX', 'SPK', 'SPK');
INSERT INTO flight (name, arrival_time, departure_time, airplane_id, arrival_airport_id, basic_fare_arrival, basic_fare_departure, departure_airport_id) VALUES ('MSA11404', '2019-11-4 20:00', '2019-11-4 22:00', 004, 'FUK', 'FUK', 'NRT', 'NRT');
INSERT INTO flight (name, arrival_time, departure_time, airplane_id, arrival_airport_id, basic_fare_arrival, basic_fare_departure, departure_airport_id) VALUES ('MSA11405', '2019-11-4 22:00', '2019-11-4 23:00', 005, 'HND', 'HND', 'KIX', 'KIX');
INSERT INTO flight (name, arrival_time, departure_time, airplane_id, arrival_airport_id, basic_fare_arrival, basic_fare_departure, departure_airport_id) VALUES ('MSA11501', '2019-11-5 09:00', '2019-11-5 10:00', 001, 'HND', 'HND', 'ITM', 'ITM');
INSERT INTO flight (name, arrival_time, departure_time, airplane_id, arrival_airport_id, basic_fare_arrival, basic_fare_departure, departure_airport_id) VALUES ('MSA11502', '2019-11-5 10:00', '2019-11-5 11:00', 002, 'HND', 'HND', 'OKA', 'OKA');
INSERT INTO flight (name, arrival_time, departure_time, airplane_id, arrival_airport_id, basic_fare_arrival, basic_fare_departure, departure_airport_id) VALUES ('MSA11503', '2019-11-5 13:00', '2019-11-5 16:00', 003, 'KIX', 'KIX', 'SPK', 'SPK');
INSERT INTO flight (name, arrival_time, departure_time, airplane_id, arrival_airport_id, basic_fare_arrival, basic_fare_departure, departure_airport_id) VALUES ('MSA11504', '2019-11-5 20:00', '2019-11-5 22:00', 004, 'FUK', 'FUK', 'NRT', 'NRT');
INSERT INTO flight (name, arrival_time, departure_time, airplane_id, arrival_airport_id, basic_fare_arrival, basic_fare_departure, departure_airport_id) VALUES ('MSA11505', '2019-11-5 22:00', '2019-11-5 23:00', 005, 'HND', 'HND', 'KIX', 'KIX');
INSERT INTO flight (name, arrival_time, departure_time, airplane_id, arrival_airport_id, basic_fare_arrival, basic_fare_departure, departure_airport_id) VALUES ('MSA11601', '2019-11-6 09:00', '2019-11-6 10:00', 001, 'HND', 'HND', 'ITM', 'ITM');
INSERT INTO flight (name, arrival_time, departure_time, airplane_id, arrival_airport_id, basic_fare_arrival, basic_fare_departure, departure_airport_id) VALUES ('MSA11602', '2019-11-6 10:00', '2019-11-6 11:00', 002, 'HND', 'HND', 'OKA', 'OKA');
INSERT INTO flight (name, arrival_time, departure_time, airplane_id, arrival_airport_id, basic_fare_arrival, basic_fare_departure, departure_airport_id) VALUES ('MSA11603', '2019-11-6 13:00', '2019-11-6 16:00', 003, 'KIX', 'KIX', 'SPK', 'SPK');
INSERT INTO flight (name, arrival_time, departure_time, airplane_id, arrival_airport_id, basic_fare_arrival, basic_fare_departure, departure_airport_id) VALUES ('MSA11604', '2019-11-6 20:00', '2019-11-6 22:00', 004, 'FUK', 'FUK', 'NRT', 'NRT');
INSERT INTO flight (name, arrival_time, departure_time, airplane_id, arrival_airport_id, basic_fare_arrival, basic_fare_departure, departure_airport_id) VALUES ('MSA11605', '2019-11-6 22:00', '2019-11-6 23:00', 005, 'HND', 'HND', 'KIX', 'KIX');
INSERT INTO flight (name, arrival_time, departure_time, airplane_id, arrival_airport_id, basic_fare_arrival, basic_fare_departure, departure_airport_id) VALUES ('MSA11701', '2019-11-7 09:00', '2019-11-7 10:00', 001, 'HND', 'HND', 'ITM', 'ITM');
INSERT INTO flight (name, arrival_time, departure_time, airplane_id, arrival_airport_id, basic_fare_arrival, basic_fare_departure, departure_airport_id) VALUES ('MSA11702', '2019-11-7 10:00', '2019-11-7 11:00', 002, 'HND', 'HND', 'OKA', 'OKA');
INSERT INTO flight (name, arrival_time, departure_time, airplane_id, arrival_airport_id, basic_fare_arrival, basic_fare_departure, departure_airport_id) VALUES ('MSA11703', '2019-11-7 13:00', '2019-11-7 16:00', 003, 'KIX', 'KIX', 'SPK', 'SPK');
INSERT INTO flight (name, arrival_time, departure_time, airplane_id, arrival_airport_id, basic_fare_arrival, basic_fare_departure, departure_airport_id) VALUES ('MSA11704', '2019-11-7 20:00', '2019-11-7 22:00', 004, 'FUK', 'FUK', 'NRT', 'NRT');
INSERT INTO flight (name, arrival_time, departure_time, airplane_id, arrival_airport_id, basic_fare_arrival, basic_fare_departure, departure_airport_id) VALUES ('MSA11705', '2019-11-7 22:00', '2019-11-7 23:00', 005, 'HND', 'HND', 'KIX', 'KIX');
INSERT INTO flight (name, arrival_time, departure_time, airplane_id, arrival_airport_id, basic_fare_arrival, basic_fare_departure, departure_airport_id) VALUES ('MSA11801', '2019-11-8 09:00', '2019-11-8 10:00', 001, 'HND', 'HND', 'ITM', 'ITM');
INSERT INTO flight (name, arrival_time, departure_time, airplane_id, arrival_airport_id, basic_fare_arrival, basic_fare_departure, departure_airport_id) VALUES ('MSA11802', '2019-11-8 10:00', '2019-11-8 11:00', 002, 'HND', 'HND', 'OKA', 'OKA');
INSERT INTO flight (name, arrival_time, departure_time, airplane_id, arrival_airport_id, basic_fare_arrival, basic_fare_departure, departure_airport_id) VALUES ('MSA11803', '2019-11-8 13:00', '2019-11-8 16:00', 003, 'KIX', 'KIX', 'SPK', 'SPK');
INSERT INTO flight (name, arrival_time, departure_time, airplane_id, arrival_airport_id, basic_fare_arrival, basic_fare_departure, departure_airport_id) VALUES ('MSA11804', '2019-11-8 20:00', '2019-11-8 22:00', 004, 'FUK', 'FUK', 'NRT', 'NRT');
INSERT INTO flight (name, arrival_time, departure_time, airplane_id, arrival_airport_id, basic_fare_arrival, basic_fare_departure, departure_airport_id) VALUES ('MSA11805', '2019-11-8 22:00', '2019-11-8 23:00', 005, 'HND', 'HND', 'KIX', 'KIX');
INSERT INTO flight (name, arrival_time, departure_time, airplane_id, arrival_airport_id, basic_fare_arrival, basic_fare_departure, departure_airport_id) VALUES ('MSA11901', '2019-11-9 09:00', '2019-11-9 10:00', 001, 'HND', 'HND', 'ITM', 'ITM');
INSERT INTO flight (name, arrival_time, departure_time, airplane_id, arrival_airport_id, basic_fare_arrival, basic_fare_departure, departure_airport_id) VALUES ('MSA11902', '2019-11-9 10:00', '2019-11-9 11:00', 002, 'HND', 'HND', 'OKA', 'OKA');
INSERT INTO flight (name, arrival_time, departure_time, airplane_id, arrival_airport_id, basic_fare_arrival, basic_fare_departure, departure_airport_id) VALUES ('MSA11903', '2019-11-9 13:00', '2019-11-9 16:00', 003, 'KIX', 'KIX', 'SPK', 'SPK');
INSERT INTO flight (name, arrival_time, departure_time, airplane_id, arrival_airport_id, basic_fare_arrival, basic_fare_departure, departure_airport_id) VALUES ('MSA11904', '2019-11-9 20:00', '2019-11-9 22:00', 004, 'FUK', 'FUK', 'NRT', 'NRT');
INSERT INTO flight (name, arrival_time, departure_time, airplane_id, arrival_airport_id, basic_fare_arrival, basic_fare_departure, departure_airport_id) VALUES ('MSA11905', '2019-11-9 22:00', '2019-11-9 23:00', 005, 'HND', 'HND', 'KIX', 'KIX');
INSERT INTO flight (name, arrival_time, departure_time, airplane_id, arrival_airport_id, basic_fare_arrival, basic_fare_departure, departure_airport_id) VALUES ('MSA111001', '2019-11-10 09:00', '2019-11-10 10:00', 001, 'HND', 'HND', 'ITM', 'ITM');
INSERT INTO flight (name, arrival_time, departure_time, airplane_id, arrival_airport_id, basic_fare_arrival, basic_fare_departure, departure_airport_id) VALUES ('MSA111002', '2019-11-10 10:00', '2019-11-10 11:00', 002, 'HND', 'HND', 'OKA', 'OKA');
INSERT INTO flight (name, arrival_time, departure_time, airplane_id, arrival_airport_id, basic_fare_arrival, basic_fare_departure, departure_airport_id) VALUES ('MSA111003', '2019-11-10 13:00', '2019-11-10 16:00', 003, 'KIX', 'KIX', 'SPK', 'SPK');
INSERT INTO flight (name, arrival_time, departure_time, airplane_id, arrival_airport_id, basic_fare_arrival, basic_fare_departure, departure_airport_id) VALUES ('MSA111004', '2019-11-10 20:00', '2019-11-10 22:00', 004, 'FUK', 'FUK', 'NRT', 'NRT');
INSERT INTO flight (name, arrival_time, departure_time, airplane_id, arrival_airport_id, basic_fare_arrival, basic_fare_departure, departure_airport_id) VALUES ('MSA111005', '2019-11-10 22:00', '2019-11-10 23:00', 005, 'HND', 'HND', 'KIX', 'KIX');
INSERT INTO flight (name, arrival_time, departure_time, airplane_id, arrival_airport_id, basic_fare_arrival, basic_fare_departure, departure_airport_id) VALUES ('MSA111101', '2019-11-11 09:00', '2019-11-11 10:00', 001, 'HND', 'HND', 'ITM', 'ITM');
INSERT INTO flight (name, arrival_time, departure_time, airplane_id, arrival_airport_id, basic_fare_arrival, basic_fare_departure, departure_airport_id) VALUES ('MSA111102', '2019-11-11 10:00', '2019-11-11 11:00', 002, 'HND', 'HND', 'OKA', 'OKA');
INSERT INTO flight (name, arrival_time, departure_time, airplane_id, arrival_airport_id, basic_fare_arrival, basic_fare_departure, departure_airport_id) VALUES ('MSA111103', '2019-11-11 13:00', '2019-11-11 16:00', 003, 'KIX', 'KIX', 'SPK', 'SPK');
INSERT INTO flight (name, arrival_time, departure_time, airplane_id, arrival_airport_id, basic_fare_arrival, basic_fare_departure, departure_airport_id) VALUES ('MSA111104', '2019-11-11 20:00', '2019-11-11 22:00', 004, 'FUK', 'FUK', 'NRT', 'NRT');
INSERT INTO flight (name, arrival_time, departure_time, airplane_id, arrival_airport_id, basic_fare_arrival, basic_fare_departure, departure_airport_id) VALUES ('MSA111105', '2019-11-11 22:00', '2019-11-11 23:00', 005, 'HND', 'HND', 'KIX', 'KIX');
INSERT INTO flight (name, arrival_time, departure_time, airplane_id, arrival_airport_id, basic_fare_arrival, basic_fare_departure, departure_airport_id) VALUES ('MSA111201', '2019-11-12 09:00', '2019-11-12 10:00', 001, 'HND', 'HND', 'ITM', 'ITM');
INSERT INTO flight (name, arrival_time, departure_time, airplane_id, arrival_airport_id, basic_fare_arrival, basic_fare_departure, departure_airport_id) VALUES ('MSA111202', '2019-11-12 10:00', '2019-11-12 11:00', 002, 'HND', 'HND', 'OKA', 'OKA');
INSERT INTO flight (name, arrival_time, departure_time, airplane_id, arrival_airport_id, basic_fare_arrival, basic_fare_departure, departure_airport_id) VALUES ('MSA111203', '2019-11-12 13:00', '2019-11-12 16:00', 003, 'KIX', 'KIX', 'SPK', 'SPK');
INSERT INTO flight (name, arrival_time, departure_time, airplane_id, arrival_airport_id, basic_fare_arrival, basic_fare_departure, departure_airport_id) VALUES ('MSA111204', '2019-11-12 20:00', '2019-11-12 22:00', 004, 'FUK', 'FUK', 'NRT', 'NRT');
INSERT INTO flight (name, arrival_time, departure_time, airplane_id, arrival_airport_id, basic_fare_arrival, basic_fare_departure, departure_airport_id) VALUES ('MSA111205', '2019-11-12 22:00', '2019-11-12 23:00', 005, 'HND', 'HND', 'KIX', 'KIX');
INSERT INTO flight (name, arrival_time, departure_time, airplane_id, arrival_airport_id, basic_fare_arrival, basic_fare_departure, departure_airport_id) VALUES ('MSA111301', '2019-11-13 09:00', '2019-11-13 10:00', 001, 'HND', 'HND', 'ITM', 'ITM');
INSERT INTO flight (name, arrival_time, departure_time, airplane_id, arrival_airport_id, basic_fare_arrival, basic_fare_departure, departure_airport_id) VALUES ('MSA111302', '2019-11-13 10:00', '2019-11-13 11:00', 002, 'HND', 'HND', 'OKA', 'OKA');
INSERT INTO flight (name, arrival_time, departure_time, airplane_id, arrival_airport_id, basic_fare_arrival, basic_fare_departure, departure_airport_id) VALUES ('MSA111303', '2019-11-13 13:00', '2019-11-13 16:00', 003, 'KIX', 'KIX', 'SPK', 'SPK');
INSERT INTO flight (name, arrival_time, departure_time, airplane_id, arrival_airport_id, basic_fare_arrival, basic_fare_departure, departure_airport_id) VALUES ('MSA111304', '2019-11-13 20:00', '2019-11-13 22:00', 004, 'FUK', 'FUK', 'NRT', 'NRT');
INSERT INTO flight (name, arrival_time, departure_time, airplane_id, arrival_airport_id, basic_fare_arrival, basic_fare_departure, departure_airport_id) VALUES ('MSA111305', '2019-11-13 22:00', '2019-11-13 23:00', 005, 'HND', 'HND', 'KIX', 'KIX');
INSERT INTO flight (name, arrival_time, departure_time, airplane_id, arrival_airport_id, basic_fare_arrival, basic_fare_departure, departure_airport_id) VALUES ('MSA111401', '2019-11-14 09:00', '2019-11-14 10:00', 001, 'HND', 'HND', 'ITM', 'ITM');
INSERT INTO flight (name, arrival_time, departure_time, airplane_id, arrival_airport_id, basic_fare_arrival, basic_fare_departure, departure_airport_id) VALUES ('MSA111402', '2019-11-14 10:00', '2019-11-14 11:00', 002, 'HND', 'HND', 'OKA', 'OKA');
INSERT INTO flight (name, arrival_time, departure_time, airplane_id, arrival_airport_id, basic_fare_arrival, basic_fare_departure, departure_airport_id) VALUES ('MSA111403', '2019-11-14 13:00', '2019-11-14 16:00', 003, 'KIX', 'KIX', 'SPK', 'SPK');
INSERT INTO flight (name, arrival_time, departure_time, airplane_id, arrival_airport_id, basic_fare_arrival, basic_fare_departure, departure_airport_id) VALUES ('MSA111404', '2019-11-14 20:00', '2019-11-14 22:00', 004, 'FUK', 'FUK', 'NRT', 'NRT');
INSERT INTO flight (name, arrival_time, departure_time, airplane_id, arrival_airport_id, basic_fare_arrival, basic_fare_departure, departure_airport_id) VALUES ('MSA111405', '2019-11-14 22:00', '2019-11-14 23:00', 005, 'HND', 'HND', 'KIX', 'KIX');
INSERT INTO flight (name, arrival_time, departure_time, airplane_id, arrival_airport_id, basic_fare_arrival, basic_fare_departure, departure_airport_id) VALUES ('MSA111501', '2019-11-15 09:00', '2019-11-15 10:00', 001, 'HND', 'HND', 'ITM', 'ITM');
INSERT INTO flight (name, arrival_time, departure_time, airplane_id, arrival_airport_id, basic_fare_arrival, basic_fare_departure, departure_airport_id) VALUES ('MSA111502', '2019-11-15 10:00', '2019-11-15 11:00', 002, 'HND', 'HND', 'OKA', 'OKA');
INSERT INTO flight (name, arrival_time, departure_time, airplane_id, arrival_airport_id, basic_fare_arrival, basic_fare_departure, departure_airport_id) VALUES ('MSA111503', '2019-11-15 13:00', '2019-11-15 16:00', 003, 'KIX', 'KIX', 'SPK', 'SPK');
INSERT INTO flight (name, arrival_time, departure_time, airplane_id, arrival_airport_id, basic_fare_arrival, basic_fare_departure, departure_airport_id) VALUES ('MSA111504', '2019-11-15 20:00', '2019-11-15 22:00', 004, 'FUK', 'FUK', 'NRT', 'NRT');
INSERT INTO flight (name, arrival_time, departure_time, airplane_id, arrival_airport_id, basic_fare_arrival, basic_fare_departure, departure_airport_id) VALUES ('MSA111505', '2019-11-15 22:00', '2019-11-15 23:00', 005, 'HND', 'HND', 'KIX', 'KIX');
INSERT INTO flight (name, arrival_time, departure_time, airplane_id, arrival_airport_id, basic_fare_arrival, basic_fare_departure, departure_airport_id) VALUES ('MSA111601', '2019-11-16 09:00', '2019-11-16 10:00', 001, 'HND', 'HND', 'ITM', 'ITM');
INSERT INTO flight (name, arrival_time, departure_time, airplane_id, arrival_airport_id, basic_fare_arrival, basic_fare_departure, departure_airport_id) VALUES ('MSA111602', '2019-11-16 10:00', '2019-11-16 11:00', 002, 'HND', 'HND', 'OKA', 'OKA');
INSERT INTO flight (name, arrival_time, departure_time, airplane_id, arrival_airport_id, basic_fare_arrival, basic_fare_departure, departure_airport_id) VALUES ('MSA111603', '2019-11-16 13:00', '2019-11-16 16:00', 003, 'KIX', 'KIX', 'SPK', 'SPK');
INSERT INTO flight (name, arrival_time, departure_time, airplane_id, arrival_airport_id, basic_fare_arrival, basic_fare_departure, departure_airport_id) VALUES ('MSA111604', '2019-11-16 20:00', '2019-11-16 22:00', 004, 'FUK', 'FUK', 'NRT', 'NRT');
INSERT INTO flight (name, arrival_time, departure_time, airplane_id, arrival_airport_id, basic_fare_arrival, basic_fare_departure, departure_airport_id) VALUES ('MSA111605', '2019-11-16 22:00', '2019-11-16 23:00', 005, 'HND', 'HND', 'KIX', 'KIX');
INSERT INTO flight (name, arrival_time, departure_time, airplane_id, arrival_airport_id, basic_fare_arrival, basic_fare_departure, departure_airport_id) VALUES ('MSA111701', '2019-11-17 09:00', '2019-11-17 10:00', 001, 'HND', 'HND', 'ITM', 'ITM');
INSERT INTO flight (name, arrival_time, departure_time, airplane_id, arrival_airport_id, basic_fare_arrival, basic_fare_departure, departure_airport_id) VALUES ('MSA111702', '2019-11-17 10:00', '2019-11-17 11:00', 002, 'HND', 'HND', 'OKA', 'OKA');
INSERT INTO flight (name, arrival_time, departure_time, airplane_id, arrival_airport_id, basic_fare_arrival, basic_fare_departure, departure_airport_id) VALUES ('MSA111703', '2019-11-17 13:00', '2019-11-17 16:00', 003, 'KIX', 'KIX', 'SPK', 'SPK');
INSERT INTO flight (name, arrival_time, departure_time, airplane_id, arrival_airport_id, basic_fare_arrival, basic_fare_departure, departure_airport_id) VALUES ('MSA111704', '2019-11-17 20:00', '2019-11-17 22:00', 004, 'FUK', 'FUK', 'NRT', 'NRT');
INSERT INTO flight (name, arrival_time, departure_time, airplane_id, arrival_airport_id, basic_fare_arrival, basic_fare_departure, departure_airport_id) VALUES ('MSA111705', '2019-11-17 22:00', '2019-11-17 23:00', 005, 'HND', 'HND', 'KIX', 'KIX');
INSERT INTO flight (name, arrival_time, departure_time, airplane_id, arrival_airport_id, basic_fare_arrival, basic_fare_departure, departure_airport_id) VALUES ('MSA111801', '2019-11-18 09:00', '2019-11-18 10:00', 001, 'HND', 'HND', 'ITM', 'ITM');
INSERT INTO flight (name, arrival_time, departure_time, airplane_id, arrival_airport_id, basic_fare_arrival, basic_fare_departure, departure_airport_id) VALUES ('MSA111802', '2019-11-18 10:00', '2019-11-18 11:00', 002, 'HND', 'HND', 'OKA', 'OKA');
INSERT INTO flight (name, arrival_time, departure_time, airplane_id, arrival_airport_id, basic_fare_arrival, basic_fare_departure, departure_airport_id) VALUES ('MSA111803', '2019-11-18 13:00', '2019-11-18 16:00', 003, 'KIX', 'KIX', 'SPK', 'SPK');
INSERT INTO flight (name, arrival_time, departure_time, airplane_id, arrival_airport_id, basic_fare_arrival, basic_fare_departure, departure_airport_id) VALUES ('MSA111804', '2019-11-18 20:00', '2019-11-18 22:00', 004, 'FUK', 'FUK', 'NRT', 'NRT');
INSERT INTO flight (name, arrival_time, departure_time, airplane_id, arrival_airport_id, basic_fare_arrival, basic_fare_departure, departure_airport_id) VALUES ('MSA111805', '2019-11-18 22:00', '2019-11-18 23:00', 005, 'HND', 'HND', 'KIX', 'KIX');
INSERT INTO flight (name, arrival_time, departure_time, airplane_id, arrival_airport_id, basic_fare_arrival, basic_fare_departure, departure_airport_id) VALUES ('MSA111901', '2019-11-19 09:00', '2019-11-19 10:00', 001, 'HND', 'HND', 'ITM', 'ITM');
INSERT INTO flight (name, arrival_time, departure_time, airplane_id, arrival_airport_id, basic_fare_arrival, basic_fare_departure, departure_airport_id) VALUES ('MSA111902', '2019-11-19 10:00', '2019-11-19 11:00', 002, 'HND', 'HND', 'OKA', 'OKA');
INSERT INTO flight (name, arrival_time, departure_time, airplane_id, arrival_airport_id, basic_fare_arrival, basic_fare_departure, departure_airport_id) VALUES ('MSA111903', '2019-11-19 13:00', '2019-11-19 16:00', 003, 'KIX', 'KIX', 'SPK', 'SPK');
INSERT INTO flight (name, arrival_time, departure_time, airplane_id, arrival_airport_id, basic_fare_arrival, basic_fare_departure, departure_airport_id) VALUES ('MSA111904', '2019-11-19 20:00', '2019-11-19 22:00', 004, 'FUK', 'FUK', 'NRT', 'NRT');
INSERT INTO flight (name, arrival_time, departure_time, airplane_id, arrival_airport_id, basic_fare_arrival, basic_fare_departure, departure_airport_id) VALUES ('MSA111905', '2019-11-19 22:00', '2019-11-19 23:00', 005, 'HND', 'HND', 'KIX', 'KIX');
INSERT INTO flight (name, arrival_time, departure_time, airplane_id, arrival_airport_id, basic_fare_arrival, basic_fare_departure, departure_airport_id) VALUES ('MSA112001', '2019-11-20 09:00', '2019-11-20 10:00', 001, 'HND', 'HND', 'ITM', 'ITM');
INSERT INTO flight (name, arrival_time, departure_time, airplane_id, arrival_airport_id, basic_fare_arrival, basic_fare_departure, departure_airport_id) VALUES ('MSA112002', '2019-11-20 10:00', '2019-11-20 11:00', 002, 'HND', 'HND', 'OKA', 'OKA');
INSERT INTO flight (name, arrival_time, departure_time, airplane_id, arrival_airport_id, basic_fare_arrival, basic_fare_departure, departure_airport_id) VALUES ('MSA112003', '2019-11-20 13:00', '2019-11-20 16:00', 003, 'KIX', 'KIX', 'SPK', 'SPK');
INSERT INTO flight (name, arrival_time, departure_time, airplane_id, arrival_airport_id, basic_fare_arrival, basic_fare_departure, departure_airport_id) VALUES ('MSA112004', '2019-11-20 20:00', '2019-11-20 22:00', 004, 'FUK', 'FUK', 'NRT', 'NRT');
INSERT INTO flight (name, arrival_time, departure_time, airplane_id, arrival_airport_id, basic_fare_arrival, basic_fare_departure, departure_airport_id) VALUES ('MSA112005', '2019-11-20 22:00', '2019-11-20 23:00', 005, 'HND', 'HND', 'KIX', 'KIX');
INSERT INTO flight (name, arrival_time, departure_time, airplane_id, arrival_airport_id, basic_fare_arrival, basic_fare_departure, departure_airport_id) VALUES ('MSA112101', '2019-11-21 09:00', '2019-11-21 10:00', 001, 'HND', 'HND', 'ITM', 'ITM');
INSERT INTO flight (name, arrival_time, departure_time, airplane_id, arrival_airport_id, basic_fare_arrival, basic_fare_departure, departure_airport_id) VALUES ('MSA112102', '2019-11-21 10:00', '2019-11-21 11:00', 002, 'HND', 'HND', 'OKA', 'OKA');
INSERT INTO flight (name, arrival_time, departure_time, airplane_id, arrival_airport_id, basic_fare_arrival, basic_fare_departure, departure_airport_id) VALUES ('MSA112103', '2019-11-21 13:00', '2019-11-21 16:00', 003, 'KIX', 'KIX', 'SPK', 'SPK');
INSERT INTO flight (name, arrival_time, departure_time, airplane_id, arrival_airport_id, basic_fare_arrival, basic_fare_departure, departure_airport_id) VALUES ('MSA112104', '2019-11-21 20:00', '2019-11-21 22:00', 004, 'FUK', 'FUK', 'NRT', 'NRT');
INSERT INTO flight (name, arrival_time, departure_time, airplane_id, arrival_airport_id, basic_fare_arrival, basic_fare_departure, departure_airport_id) VALUES ('MSA112105', '2019-11-21 22:00', '2019-11-21 23:00', 005, 'HND', 'HND', 'KIX', 'KIX');
INSERT INTO flight (name, arrival_time, departure_time, airplane_id, arrival_airport_id, basic_fare_arrival, basic_fare_departure, departure_airport_id) VALUES ('MSA112201', '2019-11-22 09:00', '2019-11-22 10:00', 001, 'HND', 'HND', 'ITM', 'ITM');
INSERT INTO flight (name, arrival_time, departure_time, airplane_id, arrival_airport_id, basic_fare_arrival, basic_fare_departure, departure_airport_id) VALUES ('MSA112202', '2019-11-22 10:00', '2019-11-22 11:00', 002, 'HND', 'HND', 'OKA', 'OKA');
INSERT INTO flight (name, arrival_time, departure_time, airplane_id, arrival_airport_id, basic_fare_arrival, basic_fare_departure, departure_airport_id) VALUES ('MSA112203', '2019-11-22 13:00', '2019-11-22 16:00', 003, 'KIX', 'KIX', 'SPK', 'SPK');
INSERT INTO flight (name, arrival_time, departure_time, airplane_id, arrival_airport_id, basic_fare_arrival, basic_fare_departure, departure_airport_id) VALUES ('MSA112204', '2019-11-22 20:00', '2019-11-22 22:00', 004, 'FUK', 'FUK', 'NRT', 'NRT');
INSERT INTO flight (name, arrival_time, departure_time, airplane_id, arrival_airport_id, basic_fare_arrival, basic_fare_departure, departure_airport_id) VALUES ('MSA112205', '2019-11-22 22:00', '2019-11-22 23:00', 005, 'HND', 'HND', 'KIX', 'KIX');
INSERT INTO flight (name, arrival_time, departure_time, airplane_id, arrival_airport_id, basic_fare_arrival, basic_fare_departure, departure_airport_id) VALUES ('MSA112301', '2019-11-23 09:00', '2019-11-23 10:00', 001, 'HND', 'HND', 'ITM', 'ITM');
INSERT INTO flight (name, arrival_time, departure_time, airplane_id, arrival_airport_id, basic_fare_arrival, basic_fare_departure, departure_airport_id) VALUES ('MSA112302', '2019-11-23 10:00', '2019-11-23 11:00', 002, 'HND', 'HND', 'OKA', 'OKA');
INSERT INTO flight (name, arrival_time, departure_time, airplane_id, arrival_airport_id, basic_fare_arrival, basic_fare_departure, departure_airport_id) VALUES ('MSA112303', '2019-11-23 13:00', '2019-11-23 16:00', 003, 'KIX', 'KIX', 'SPK', 'SPK');
INSERT INTO flight (name, arrival_time, departure_time, airplane_id, arrival_airport_id, basic_fare_arrival, basic_fare_departure, departure_airport_id) VALUES ('MSA112304', '2019-11-23 20:00', '2019-11-23 22:00', 004, 'FUK', 'FUK', 'NRT', 'NRT');
INSERT INTO flight (name, arrival_time, departure_time, airplane_id, arrival_airport_id, basic_fare_arrival, basic_fare_departure, departure_airport_id) VALUES ('MSA112305', '2019-11-23 22:00', '2019-11-23 23:00', 005, 'HND', 'HND', 'KIX', 'KIX');
INSERT INTO flight (name, arrival_time, departure_time, airplane_id, arrival_airport_id, basic_fare_arrival, basic_fare_departure, departure_airport_id) VALUES ('MSA112401', '2019-11-24 09:00', '2019-11-24 10:00', 001, 'HND', 'HND', 'ITM', 'ITM');
INSERT INTO flight (name, arrival_time, departure_time, airplane_id, arrival_airport_id, basic_fare_arrival, basic_fare_departure, departure_airport_id) VALUES ('MSA112402', '2019-11-24 10:00', '2019-11-24 11:00', 002, 'HND', 'HND', 'OKA', 'OKA');
INSERT INTO flight (name, arrival_time, departure_time, airplane_id, arrival_airport_id, basic_fare_arrival, basic_fare_departure, departure_airport_id) VALUES ('MSA112403', '2019-11-24 13:00', '2019-11-24 16:00', 003, 'KIX', 'KIX', 'SPK', 'SPK');
INSERT INTO flight (name, arrival_time, departure_time, airplane_id, arrival_airport_id, basic_fare_arrival, basic_fare_departure, departure_airport_id) VALUES ('MSA112404', '2019-11-24 20:00', '2019-11-24 22:00', 004, 'FUK', 'FUK', 'NRT', 'NRT');
INSERT INTO flight (name, arrival_time, departure_time, airplane_id, arrival_airport_id, basic_fare_arrival, basic_fare_departure, departure_airport_id) VALUES ('MSA112405', '2019-11-24 22:00', '2019-11-24 23:00', 005, 'HND', 'HND', 'KIX', 'KIX');
INSERT INTO flight (name, arrival_time, departure_time, airplane_id, arrival_airport_id, basic_fare_arrival, basic_fare_departure, departure_airport_id) VALUES ('MSA112501', '2019-11-25 09:00', '2019-11-25 10:00', 001, 'HND', 'HND', 'ITM', 'ITM');
INSERT INTO flight (name, arrival_time, departure_time, airplane_id, arrival_airport_id, basic_fare_arrival, basic_fare_departure, departure_airport_id) VALUES ('MSA112502', '2019-11-25 10:00', '2019-11-25 11:00', 002, 'HND', 'HND', 'OKA', 'OKA');
INSERT INTO flight (name, arrival_time, departure_time, airplane_id, arrival_airport_id, basic_fare_arrival, basic_fare_departure, departure_airport_id) VALUES ('MSA112503', '2019-11-25 13:00', '2019-11-25 16:00', 003, 'KIX', 'KIX', 'SPK', 'SPK');
INSERT INTO flight (name, arrival_time, departure_time, airplane_id, arrival_airport_id, basic_fare_arrival, basic_fare_departure, departure_airport_id) VALUES ('MSA112504', '2019-11-25 20:00', '2019-11-25 22:00', 004, 'FUK', 'FUK', 'NRT', 'NRT');
INSERT INTO flight (name, arrival_time, departure_time, airplane_id, arrival_airport_id, basic_fare_arrival, basic_fare_departure, departure_airport_id) VALUES ('MSA112505', '2019-11-25 22:00', '2019-11-25 23:00', 005, 'HND', 'HND', 'KIX', 'KIX');
INSERT INTO flight (name, arrival_time, departure_time, airplane_id, arrival_airport_id, basic_fare_arrival, basic_fare_departure, departure_airport_id) VALUES ('MSA112601', '2019-11-26 09:00', '2019-11-26 10:00', 001, 'HND', 'HND', 'ITM', 'ITM');
INSERT INTO flight (name, arrival_time, departure_time, airplane_id, arrival_airport_id, basic_fare_arrival, basic_fare_departure, departure_airport_id) VALUES ('MSA112602', '2019-11-26 10:00', '2019-11-26 11:00', 002, 'HND', 'HND', 'OKA', 'OKA');
INSERT INTO flight (name, arrival_time, departure_time, airplane_id, arrival_airport_id, basic_fare_arrival, basic_fare_departure, departure_airport_id) VALUES ('MSA112603', '2019-11-26 13:00', '2019-11-26 16:00', 003, 'KIX', 'KIX', 'SPK', 'SPK');
INSERT INTO flight (name, arrival_time, departure_time, airplane_id, arrival_airport_id, basic_fare_arrival, basic_fare_departure, departure_airport_id) VALUES ('MSA112604', '2019-11-26 20:00', '2019-11-26 22:00', 004, 'FUK', 'FUK', 'NRT', 'NRT');
INSERT INTO flight (name, arrival_time, departure_time, airplane_id, arrival_airport_id, basic_fare_arrival, basic_fare_departure, departure_airport_id) VALUES ('MSA112605', '2019-11-26 22:00', '2019-11-26 23:00', 005, 'HND', 'HND', 'KIX', 'KIX');
INSERT INTO flight (name, arrival_time, departure_time, airplane_id, arrival_airport_id, basic_fare_arrival, basic_fare_departure, departure_airport_id) VALUES ('MSA112701', '2019-11-27 09:00', '2019-11-27 10:00', 001, 'HND', 'HND', 'ITM', 'ITM');
INSERT INTO flight (name, arrival_time, departure_time, airplane_id, arrival_airport_id, basic_fare_arrival, basic_fare_departure, departure_airport_id) VALUES ('MSA112702', '2019-11-27 10:00', '2019-11-27 11:00', 002, 'HND', 'HND', 'OKA', 'OKA');
INSERT INTO flight (name, arrival_time, departure_time, airplane_id, arrival_airport_id, basic_fare_arrival, basic_fare_departure, departure_airport_id) VALUES ('MSA112703', '2019-11-27 13:00', '2019-11-27 16:00', 003, 'KIX', 'KIX', 'SPK', 'SPK');
INSERT INTO flight (name, arrival_time, departure_time, airplane_id, arrival_airport_id, basic_fare_arrival, basic_fare_departure, departure_airport_id) VALUES ('MSA112704', '2019-11-27 20:00', '2019-11-27 22:00', 004, 'FUK', 'FUK', 'NRT', 'NRT');
INSERT INTO flight (name, arrival_time, departure_time, airplane_id, arrival_airport_id, basic_fare_arrival, basic_fare_departure, departure_airport_id) VALUES ('MSA112705', '2019-11-27 22:00', '2019-11-27 23:00', 005, 'HND', 'HND', 'KIX', 'KIX');
INSERT INTO flight (name, arrival_time, departure_time, airplane_id, arrival_airport_id, basic_fare_arrival, basic_fare_departure, departure_airport_id) VALUES ('MSA112801', '2019-11-28 09:00', '2019-11-28 10:00', 001, 'HND', 'HND', 'ITM', 'ITM');
INSERT INTO flight (name, arrival_time, departure_time, airplane_id, arrival_airport_id, basic_fare_arrival, basic_fare_departure, departure_airport_id) VALUES ('MSA112802', '2019-11-28 10:00', '2019-11-28 11:00', 002, 'HND', 'HND', 'OKA', 'OKA');
INSERT INTO flight (name, arrival_time, departure_time, airplane_id, arrival_airport_id, basic_fare_arrival, basic_fare_departure, departure_airport_id) VALUES ('MSA112803', '2019-11-28 13:00', '2019-11-28 16:00', 003, 'KIX', 'KIX', 'SPK', 'SPK');
INSERT INTO flight (name, arrival_time, departure_time, airplane_id, arrival_airport_id, basic_fare_arrival, basic_fare_departure, departure_airport_id) VALUES ('MSA112804', '2019-11-28 20:00', '2019-11-28 22:00', 004, 'FUK', 'FUK', 'NRT', 'NRT');
INSERT INTO flight (name, arrival_time, departure_time, airplane_id, arrival_airport_id, basic_fare_arrival, basic_fare_departure, departure_airport_id) VALUES ('MSA112805', '2019-11-28 22:00', '2019-11-28 23:00', 005, 'HND', 'HND', 'KIX', 'KIX');
INSERT INTO flight (name, arrival_time, departure_time, airplane_id, arrival_airport_id, basic_fare_arrival, basic_fare_departure, departure_airport_id) VALUES ('MSA112901', '2019-11-29 09:00', '2019-11-29 10:00', 001, 'HND', 'HND', 'ITM', 'ITM');
INSERT INTO flight (name, arrival_time, departure_time, airplane_id, arrival_airport_id, basic_fare_arrival, basic_fare_departure, departure_airport_id) VALUES ('MSA112902', '2019-11-29 10:00', '2019-11-29 11:00', 002, 'HND', 'HND', 'OKA', 'OKA');
INSERT INTO flight (name, arrival_time, departure_time, airplane_id, arrival_airport_id, basic_fare_arrival, basic_fare_departure, departure_airport_id) VALUES ('MSA112903', '2019-11-29 13:00', '2019-11-29 16:00', 003, 'KIX', 'KIX', 'SPK', 'SPK');
INSERT INTO flight (name, arrival_time, departure_time, airplane_id, arrival_airport_id, basic_fare_arrival, basic_fare_departure, departure_airport_id) VALUES ('MSA112904', '2019-11-29 20:00', '2019-11-29 22:00', 004, 'FUK', 'FUK', 'NRT', 'NRT');
INSERT INTO flight (name, arrival_time, departure_time, airplane_id, arrival_airport_id, basic_fare_arrival, basic_fare_departure, departure_airport_id) VALUES ('MSA112905', '2019-11-29 22:00', '2019-11-29 23:00', 005, 'HND', 'HND', 'KIX', 'KIX');
INSERT INTO flight (name, arrival_time, departure_time, airplane_id, arrival_airport_id, basic_fare_arrival, basic_fare_departure, departure_airport_id) VALUES ('MSA113001', '2019-11-30 09:00', '2019-11-30 10:00', 001, 'HND', 'HND', 'ITM', 'ITM');
INSERT INTO flight (name, arrival_time, departure_time, airplane_id, arrival_airport_id, basic_fare_arrival, basic_fare_departure, departure_airport_id) VALUES ('MSA113002', '2019-11-30 10:00', '2019-11-30 11:00', 002, 'HND', 'HND', 'OKA', 'OKA');
INSERT INTO flight (name, arrival_time, departure_time, airplane_id, arrival_airport_id, basic_fare_arrival, basic_fare_departure, departure_airport_id) VALUES ('MSA113003', '2019-11-30 13:00', '2019-11-30 16:00', 003, 'KIX', 'KIX', 'SPK', 'SPK');
INSERT INTO flight (name, arrival_time, departure_time, airplane_id, arrival_airport_id, basic_fare_arrival, basic_fare_departure, departure_airport_id) VALUES ('MSA113004', '2019-11-30 20:00', '2019-11-30 22:00', 004, 'FUK', 'FUK', 'NRT', 'NRT');
INSERT INTO flight (name, arrival_time, departure_time, airplane_id, arrival_airport_id, basic_fare_arrival, basic_fare_departure, departure_airport_id) VALUES ('MSA113005', '2019-11-30 22:00', '2019-11-30 23:00', 005, 'HND', 'HND', 'KIX', 'KIX');

INSERT INTO flight (name, arrival_time, departure_time, airplane_id, arrival_airport_id, basic_fare_arrival, basic_fare_departure, departure_airport_id) VALUES ('MSA12101', '2019-12-1 09:00', '2019-12-1 10:00', 001, 'HND', 'HND', 'ITM', 'ITM');
INSERT INTO flight (name, arrival_time, departure_time, airplane_id, arrival_airport_id, basic_fare_arrival, basic_fare_departure, departure_airport_id) VALUES ('MSA12102', '2019-12-1 10:00', '2019-12-1 11:00', 002, 'HND', 'HND', 'OKA', 'OKA');
INSERT INTO flight (name, arrival_time, departure_time, airplane_id, arrival_airport_id, basic_fare_arrival, basic_fare_departure, departure_airport_id) VALUES ('MSA12103', '2019-12-1 13:00', '2019-12-1 16:00', 003, 'KIX', 'KIX', 'SPK', 'SPK');
INSERT INTO flight (name, arrival_time, departure_time, airplane_id, arrival_airport_id, basic_fare_arrival, basic_fare_departure, departure_airport_id) VALUES ('MSA12104', '2019-12-1 20:00', '2019-12-1 22:00', 004, 'FUK', 'FUK', 'NRT', 'NRT');
INSERT INTO flight (name, arrival_time, departure_time, airplane_id, arrival_airport_id, basic_fare_arrival, basic_fare_departure, departure_airport_id) VALUES ('MSA12105', '2019-12-1 22:00', '2019-12-1 23:00', 005, 'HND', 'HND', 'KIX', 'KIX');
INSERT INTO flight (name, arrival_time, departure_time, airplane_id, arrival_airport_id, basic_fare_arrival, basic_fare_departure, departure_airport_id) VALUES ('MSA12201', '2019-12-2 09:00', '2019-12-2 10:00', 001, 'HND', 'HND', 'ITM', 'ITM');
INSERT INTO flight (name, arrival_time, departure_time, airplane_id, arrival_airport_id, basic_fare_arrival, basic_fare_departure, departure_airport_id) VALUES ('MSA12202', '2019-12-2 10:00', '2019-12-2 11:00', 002, 'HND', 'HND', 'OKA', 'OKA');
INSERT INTO flight (name, arrival_time, departure_time, airplane_id, arrival_airport_id, basic_fare_arrival, basic_fare_departure, departure_airport_id) VALUES ('MSA12203', '2019-12-2 13:00', '2019-12-2 16:00', 003, 'KIX', 'KIX', 'SPK', 'SPK');
INSERT INTO flight (name, arrival_time, departure_time, airplane_id, arrival_airport_id, basic_fare_arrival, basic_fare_departure, departure_airport_id) VALUES ('MSA12204', '2019-12-2 20:00', '2019-12-2 22:00', 004, 'FUK', 'FUK', 'NRT', 'NRT');
INSERT INTO flight (name, arrival_time, departure_time, airplane_id, arrival_airport_id, basic_fare_arrival, basic_fare_departure, departure_airport_id) VALUES ('MSA12205', '2019-12-2 22:00', '2019-12-2 23:00', 005, 'HND', 'HND', 'KIX', 'KIX');
INSERT INTO flight (name, arrival_time, departure_time, airplane_id, arrival_airport_id, basic_fare_arrival, basic_fare_departure, departure_airport_id) VALUES ('MSA12301', '2019-12-3 09:00', '2019-12-3 10:00', 001, 'HND', 'HND', 'ITM', 'ITM');
INSERT INTO flight (name, arrival_time, departure_time, airplane_id, arrival_airport_id, basic_fare_arrival, basic_fare_departure, departure_airport_id) VALUES ('MSA12302', '2019-12-3 10:00', '2019-12-3 11:00', 002, 'HND', 'HND', 'OKA', 'OKA');
INSERT INTO flight (name, arrival_time, departure_time, airplane_id, arrival_airport_id, basic_fare_arrival, basic_fare_departure, departure_airport_id) VALUES ('MSA12303', '2019-12-3 13:00', '2019-12-3 16:00', 003, 'KIX', 'KIX', 'SPK', 'SPK');
INSERT INTO flight (name, arrival_time, departure_time, airplane_id, arrival_airport_id, basic_fare_arrival, basic_fare_departure, departure_airport_id) VALUES ('MSA12304', '2019-12-3 20:00', '2019-12-3 22:00', 004, 'FUK', 'FUK', 'NRT', 'NRT');
INSERT INTO flight (name, arrival_time, departure_time, airplane_id, arrival_airport_id, basic_fare_arrival, basic_fare_departure, departure_airport_id) VALUES ('MSA12305', '2019-12-3 22:00', '2019-12-3 23:00', 005, 'HND', 'HND', 'KIX', 'KIX');
INSERT INTO flight (name, arrival_time, departure_time, airplane_id, arrival_airport_id, basic_fare_arrival, basic_fare_departure, departure_airport_id) VALUES ('MSA12401', '2019-12-4 09:00', '2019-12-4 10:00', 001, 'HND', 'HND', 'ITM', 'ITM');
INSERT INTO flight (name, arrival_time, departure_time, airplane_id, arrival_airport_id, basic_fare_arrival, basic_fare_departure, departure_airport_id) VALUES ('MSA12402', '2019-12-4 10:00', '2019-12-4 11:00', 002, 'HND', 'HND', 'OKA', 'OKA');
INSERT INTO flight (name, arrival_time, departure_time, airplane_id, arrival_airport_id, basic_fare_arrival, basic_fare_departure, departure_airport_id) VALUES ('MSA12403', '2019-12-4 13:00', '2019-12-4 16:00', 003, 'KIX', 'KIX', 'SPK', 'SPK');
INSERT INTO flight (name, arrival_time, departure_time, airplane_id, arrival_airport_id, basic_fare_arrival, basic_fare_departure, departure_airport_id) VALUES ('MSA12404', '2019-12-4 20:00', '2019-12-4 22:00', 004, 'FUK', 'FUK', 'NRT', 'NRT');
INSERT INTO flight (name, arrival_time, departure_time, airplane_id, arrival_airport_id, basic_fare_arrival, basic_fare_departure, departure_airport_id) VALUES ('MSA12405', '2019-12-4 22:00', '2019-12-4 23:00', 005, 'HND', 'HND', 'KIX', 'KIX');
INSERT INTO flight (name, arrival_time, departure_time, airplane_id, arrival_airport_id, basic_fare_arrival, basic_fare_departure, departure_airport_id) VALUES ('MSA12501', '2019-12-5 09:00', '2019-12-5 10:00', 001, 'HND', 'HND', 'ITM', 'ITM');
INSERT INTO flight (name, arrival_time, departure_time, airplane_id, arrival_airport_id, basic_fare_arrival, basic_fare_departure, departure_airport_id) VALUES ('MSA12502', '2019-12-5 10:00', '2019-12-5 11:00', 002, 'HND', 'HND', 'OKA', 'OKA');
INSERT INTO flight (name, arrival_time, departure_time, airplane_id, arrival_airport_id, basic_fare_arrival, basic_fare_departure, departure_airport_id) VALUES ('MSA12503', '2019-12-5 13:00', '2019-12-5 16:00', 003, 'KIX', 'KIX', 'SPK', 'SPK');
INSERT INTO flight (name, arrival_time, departure_time, airplane_id, arrival_airport_id, basic_fare_arrival, basic_fare_departure, departure_airport_id) VALUES ('MSA12504', '2019-12-5 20:00', '2019-12-5 22:00', 004, 'FUK', 'FUK', 'NRT', 'NRT');
INSERT INTO flight (name, arrival_time, departure_time, airplane_id, arrival_airport_id, basic_fare_arrival, basic_fare_departure, departure_airport_id) VALUES ('MSA12505', '2019-12-5 22:00', '2019-12-5 23:00', 005, 'HND', 'HND', 'KIX', 'KIX');
INSERT INTO flight (name, arrival_time, departure_time, airplane_id, arrival_airport_id, basic_fare_arrival, basic_fare_departure, departure_airport_id) VALUES ('MSA12601', '2019-12-6 09:00', '2019-12-6 10:00', 001, 'HND', 'HND', 'ITM', 'ITM');
INSERT INTO flight (name, arrival_time, departure_time, airplane_id, arrival_airport_id, basic_fare_arrival, basic_fare_departure, departure_airport_id) VALUES ('MSA12602', '2019-12-6 10:00', '2019-12-6 11:00', 002, 'HND', 'HND', 'OKA', 'OKA');
INSERT INTO flight (name, arrival_time, departure_time, airplane_id, arrival_airport_id, basic_fare_arrival, basic_fare_departure, departure_airport_id) VALUES ('MSA12603', '2019-12-6 13:00', '2019-12-6 16:00', 003, 'KIX', 'KIX', 'SPK', 'SPK');
INSERT INTO flight (name, arrival_time, departure_time, airplane_id, arrival_airport_id, basic_fare_arrival, basic_fare_departure, departure_airport_id) VALUES ('MSA12604', '2019-12-6 20:00', '2019-12-6 22:00', 004, 'FUK', 'FUK', 'NRT', 'NRT');
INSERT INTO flight (name, arrival_time, departure_time, airplane_id, arrival_airport_id, basic_fare_arrival, basic_fare_departure, departure_airport_id) VALUES ('MSA12605', '2019-12-6 22:00', '2019-12-6 23:00', 005, 'HND', 'HND', 'KIX', 'KIX');
INSERT INTO flight (name, arrival_time, departure_time, airplane_id, arrival_airport_id, basic_fare_arrival, basic_fare_departure, departure_airport_id) VALUES ('MSA12701', '2019-12-7 09:00', '2019-12-7 10:00', 001, 'HND', 'HND', 'ITM', 'ITM');
INSERT INTO flight (name, arrival_time, departure_time, airplane_id, arrival_airport_id, basic_fare_arrival, basic_fare_departure, departure_airport_id) VALUES ('MSA12702', '2019-12-7 10:00', '2019-12-7 11:00', 002, 'HND', 'HND', 'OKA', 'OKA');
INSERT INTO flight (name, arrival_time, departure_time, airplane_id, arrival_airport_id, basic_fare_arrival, basic_fare_departure, departure_airport_id) VALUES ('MSA12703', '2019-12-7 13:00', '2019-12-7 16:00', 003, 'KIX', 'KIX', 'SPK', 'SPK');
INSERT INTO flight (name, arrival_time, departure_time, airplane_id, arrival_airport_id, basic_fare_arrival, basic_fare_departure, departure_airport_id) VALUES ('MSA12704', '2019-12-7 20:00', '2019-12-7 22:00', 004, 'FUK', 'FUK', 'NRT', 'NRT');
INSERT INTO flight (name, arrival_time, departure_time, airplane_id, arrival_airport_id, basic_fare_arrival, basic_fare_departure, departure_airport_id) VALUES ('MSA12705', '2019-12-7 22:00', '2019-12-7 23:00', 005, 'HND', 'HND', 'KIX', 'KIX');
INSERT INTO flight (name, arrival_time, departure_time, airplane_id, arrival_airport_id, basic_fare_arrival, basic_fare_departure, departure_airport_id) VALUES ('MSA12801', '2019-12-8 09:00', '2019-12-8 10:00', 001, 'HND', 'HND', 'ITM', 'ITM');
INSERT INTO flight (name, arrival_time, departure_time, airplane_id, arrival_airport_id, basic_fare_arrival, basic_fare_departure, departure_airport_id) VALUES ('MSA12802', '2019-12-8 10:00', '2019-12-8 11:00', 002, 'HND', 'HND', 'OKA', 'OKA');
INSERT INTO flight (name, arrival_time, departure_time, airplane_id, arrival_airport_id, basic_fare_arrival, basic_fare_departure, departure_airport_id) VALUES ('MSA12803', '2019-12-8 13:00', '2019-12-8 16:00', 003, 'KIX', 'KIX', 'SPK', 'SPK');
INSERT INTO flight (name, arrival_time, departure_time, airplane_id, arrival_airport_id, basic_fare_arrival, basic_fare_departure, departure_airport_id) VALUES ('MSA12804', '2019-12-8 20:00', '2019-12-8 22:00', 004, 'FUK', 'FUK', 'NRT', 'NRT');
INSERT INTO flight (name, arrival_time, departure_time, airplane_id, arrival_airport_id, basic_fare_arrival, basic_fare_departure, departure_airport_id) VALUES ('MSA12805', '2019-12-8 22:00', '2019-12-8 23:00', 005, 'HND', 'HND', 'KIX', 'KIX');
INSERT INTO flight (name, arrival_time, departure_time, airplane_id, arrival_airport_id, basic_fare_arrival, basic_fare_departure, departure_airport_id) VALUES ('MSA12901', '2019-12-9 09:00', '2019-12-9 10:00', 001, 'HND', 'HND', 'ITM', 'ITM');
INSERT INTO flight (name, arrival_time, departure_time, airplane_id, arrival_airport_id, basic_fare_arrival, basic_fare_departure, departure_airport_id) VALUES ('MSA12902', '2019-12-9 10:00', '2019-12-9 11:00', 002, 'HND', 'HND', 'OKA', 'OKA');
INSERT INTO flight (name, arrival_time, departure_time, airplane_id, arrival_airport_id, basic_fare_arrival, basic_fare_departure, departure_airport_id) VALUES ('MSA12903', '2019-12-9 13:00', '2019-12-9 16:00', 003, 'KIX', 'KIX', 'SPK', 'SPK');
INSERT INTO flight (name, arrival_time, departure_time, airplane_id, arrival_airport_id, basic_fare_arrival, basic_fare_departure, departure_airport_id) VALUES ('MSA12904', '2019-12-9 20:00', '2019-12-9 22:00', 004, 'FUK', 'FUK', 'NRT', 'NRT');
INSERT INTO flight (name, arrival_time, departure_time, airplane_id, arrival_airport_id, basic_fare_arrival, basic_fare_departure, departure_airport_id) VALUES ('MSA12905', '2019-12-9 22:00', '2019-12-9 23:00', 005, 'HND', 'HND', 'KIX', 'KIX');
INSERT INTO flight (name, arrival_time, departure_time, airplane_id, arrival_airport_id, basic_fare_arrival, basic_fare_departure, departure_airport_id) VALUES ('MSA121001', '2019-12-10 09:00', '2019-12-10 10:00', 001, 'HND', 'HND', 'ITM', 'ITM');
INSERT INTO flight (name, arrival_time, departure_time, airplane_id, arrival_airport_id, basic_fare_arrival, basic_fare_departure, departure_airport_id) VALUES ('MSA121002', '2019-12-10 10:00', '2019-12-10 11:00', 002, 'HND', 'HND', 'OKA', 'OKA');
INSERT INTO flight (name, arrival_time, departure_time, airplane_id, arrival_airport_id, basic_fare_arrival, basic_fare_departure, departure_airport_id) VALUES ('MSA121003', '2019-12-10 13:00', '2019-12-10 16:00', 003, 'KIX', 'KIX', 'SPK', 'SPK');
INSERT INTO flight (name, arrival_time, departure_time, airplane_id, arrival_airport_id, basic_fare_arrival, basic_fare_departure, departure_airport_id) VALUES ('MSA121004', '2019-12-10 20:00', '2019-12-10 22:00', 004, 'FUK', 'FUK', 'NRT', 'NRT');
INSERT INTO flight (name, arrival_time, departure_time, airplane_id, arrival_airport_id, basic_fare_arrival, basic_fare_departure, departure_airport_id) VALUES ('MSA121005', '2019-12-10 22:00', '2019-12-10 23:00', 005, 'HND', 'HND', 'KIX', 'KIX');
INSERT INTO flight (name, arrival_time, departure_time, airplane_id, arrival_airport_id, basic_fare_arrival, basic_fare_departure, departure_airport_id) VALUES ('MSA121101', '2019-12-11 09:00', '2019-12-11 10:00', 001, 'HND', 'HND', 'ITM', 'ITM');
INSERT INTO flight (name, arrival_time, departure_time, airplane_id, arrival_airport_id, basic_fare_arrival, basic_fare_departure, departure_airport_id) VALUES ('MSA121102', '2019-12-11 10:00', '2019-12-11 11:00', 002, 'HND', 'HND', 'OKA', 'OKA');
INSERT INTO flight (name, arrival_time, departure_time, airplane_id, arrival_airport_id, basic_fare_arrival, basic_fare_departure, departure_airport_id) VALUES ('MSA121103', '2019-12-11 13:00', '2019-12-11 16:00', 003, 'KIX', 'KIX', 'SPK', 'SPK');
INSERT INTO flight (name, arrival_time, departure_time, airplane_id, arrival_airport_id, basic_fare_arrival, basic_fare_departure, departure_airport_id) VALUES ('MSA121104', '2019-12-11 20:00', '2019-12-11 22:00', 004, 'FUK', 'FUK', 'NRT', 'NRT');
INSERT INTO flight (name, arrival_time, departure_time, airplane_id, arrival_airport_id, basic_fare_arrival, basic_fare_departure, departure_airport_id) VALUES ('MSA121105', '2019-12-11 22:00', '2019-12-11 23:00', 005, 'HND', 'HND', 'KIX', 'KIX');
INSERT INTO flight (name, arrival_time, departure_time, airplane_id, arrival_airport_id, basic_fare_arrival, basic_fare_departure, departure_airport_id) VALUES ('MSA121201', '2019-12-12 09:00', '2019-12-12 10:00', 001, 'HND', 'HND', 'ITM', 'ITM');
INSERT INTO flight (name, arrival_time, departure_time, airplane_id, arrival_airport_id, basic_fare_arrival, basic_fare_departure, departure_airport_id) VALUES ('MSA121202', '2019-12-12 10:00', '2019-12-12 11:00', 002, 'HND', 'HND', 'OKA', 'OKA');
INSERT INTO flight (name, arrival_time, departure_time, airplane_id, arrival_airport_id, basic_fare_arrival, basic_fare_departure, departure_airport_id) VALUES ('MSA121203', '2019-12-12 13:00', '2019-12-12 16:00', 003, 'KIX', 'KIX', 'SPK', 'SPK');
INSERT INTO flight (name, arrival_time, departure_time, airplane_id, arrival_airport_id, basic_fare_arrival, basic_fare_departure, departure_airport_id) VALUES ('MSA121204', '2019-12-12 20:00', '2019-12-12 22:00', 004, 'FUK', 'FUK', 'NRT', 'NRT');
INSERT INTO flight (name, arrival_time, departure_time, airplane_id, arrival_airport_id, basic_fare_arrival, basic_fare_departure, departure_airport_id) VALUES ('MSA121205', '2019-12-12 22:00', '2019-12-12 23:00', 005, 'HND', 'HND', 'KIX', 'KIX');
INSERT INTO flight (name, arrival_time, departure_time, airplane_id, arrival_airport_id, basic_fare_arrival, basic_fare_departure, departure_airport_id) VALUES ('MSA121301', '2019-12-13 09:00', '2019-12-13 10:00', 001, 'HND', 'HND', 'ITM', 'ITM');
INSERT INTO flight (name, arrival_time, departure_time, airplane_id, arrival_airport_id, basic_fare_arrival, basic_fare_departure, departure_airport_id) VALUES ('MSA121302', '2019-12-13 10:00', '2019-12-13 11:00', 002, 'HND', 'HND', 'OKA', 'OKA');
INSERT INTO flight (name, arrival_time, departure_time, airplane_id, arrival_airport_id, basic_fare_arrival, basic_fare_departure, departure_airport_id) VALUES ('MSA121303', '2019-12-13 13:00', '2019-12-13 16:00', 003, 'KIX', 'KIX', 'SPK', 'SPK');
INSERT INTO flight (name, arrival_time, departure_time, airplane_id, arrival_airport_id, basic_fare_arrival, basic_fare_departure, departure_airport_id) VALUES ('MSA121304', '2019-12-13 20:00', '2019-12-13 22:00', 004, 'FUK', 'FUK', 'NRT', 'NRT');
INSERT INTO flight (name, arrival_time, departure_time, airplane_id, arrival_airport_id, basic_fare_arrival, basic_fare_departure, departure_airport_id) VALUES ('MSA121305', '2019-12-13 22:00', '2019-12-13 23:00', 005, 'HND', 'HND', 'KIX', 'KIX');
INSERT INTO flight (name, arrival_time, departure_time, airplane_id, arrival_airport_id, basic_fare_arrival, basic_fare_departure, departure_airport_id) VALUES ('MSA121401', '2019-12-14 09:00', '2019-12-14 10:00', 001, 'HND', 'HND', 'ITM', 'ITM');
INSERT INTO flight (name, arrival_time, departure_time, airplane_id, arrival_airport_id, basic_fare_arrival, basic_fare_departure, departure_airport_id) VALUES ('MSA121402', '2019-12-14 10:00', '2019-12-14 11:00', 002, 'HND', 'HND', 'OKA', 'OKA');
INSERT INTO flight (name, arrival_time, departure_time, airplane_id, arrival_airport_id, basic_fare_arrival, basic_fare_departure, departure_airport_id) VALUES ('MSA121403', '2019-12-14 13:00', '2019-12-14 16:00', 003, 'KIX', 'KIX', 'SPK', 'SPK');
INSERT INTO flight (name, arrival_time, departure_time, airplane_id, arrival_airport_id, basic_fare_arrival, basic_fare_departure, departure_airport_id) VALUES ('MSA121404', '2019-12-14 20:00', '2019-12-14 22:00', 004, 'FUK', 'FUK', 'NRT', 'NRT');
INSERT INTO flight (name, arrival_time, departure_time, airplane_id, arrival_airport_id, basic_fare_arrival, basic_fare_departure, departure_airport_id) VALUES ('MSA121405', '2019-12-14 22:00', '2019-12-14 23:00', 005, 'HND', 'HND', 'KIX', 'KIX');
INSERT INTO flight (name, arrival_time, departure_time, airplane_id, arrival_airport_id, basic_fare_arrival, basic_fare_departure, departure_airport_id) VALUES ('MSA121501', '2019-12-15 09:00', '2019-12-15 10:00', 001, 'HND', 'HND', 'ITM', 'ITM');
INSERT INTO flight (name, arrival_time, departure_time, airplane_id, arrival_airport_id, basic_fare_arrival, basic_fare_departure, departure_airport_id) VALUES ('MSA121502', '2019-12-15 10:00', '2019-12-15 11:00', 002, 'HND', 'HND', 'OKA', 'OKA');
INSERT INTO flight (name, arrival_time, departure_time, airplane_id, arrival_airport_id, basic_fare_arrival, basic_fare_departure, departure_airport_id) VALUES ('MSA121503', '2019-12-15 13:00', '2019-12-15 16:00', 003, 'KIX', 'KIX', 'SPK', 'SPK');
INSERT INTO flight (name, arrival_time, departure_time, airplane_id, arrival_airport_id, basic_fare_arrival, basic_fare_departure, departure_airport_id) VALUES ('MSA121504', '2019-12-15 20:00', '2019-12-15 22:00', 004, 'FUK', 'FUK', 'NRT', 'NRT');
INSERT INTO flight (name, arrival_time, departure_time, airplane_id, arrival_airport_id, basic_fare_arrival, basic_fare_departure, departure_airport_id) VALUES ('MSA121505', '2019-12-15 22:00', '2019-12-15 23:00', 005, 'HND', 'HND', 'KIX', 'KIX');
INSERT INTO flight (name, arrival_time, departure_time, airplane_id, arrival_airport_id, basic_fare_arrival, basic_fare_departure, departure_airport_id) VALUES ('MSA121601', '2019-12-16 09:00', '2019-12-16 10:00', 001, 'HND', 'HND', 'ITM', 'ITM');
INSERT INTO flight (name, arrival_time, departure_time, airplane_id, arrival_airport_id, basic_fare_arrival, basic_fare_departure, departure_airport_id) VALUES ('MSA121602', '2019-12-16 10:00', '2019-12-16 11:00', 002, 'HND', 'HND', 'OKA', 'OKA');
INSERT INTO flight (name, arrival_time, departure_time, airplane_id, arrival_airport_id, basic_fare_arrival, basic_fare_departure, departure_airport_id) VALUES ('MSA121603', '2019-12-16 13:00', '2019-12-16 16:00', 003, 'KIX', 'KIX', 'SPK', 'SPK');
INSERT INTO flight (name, arrival_time, departure_time, airplane_id, arrival_airport_id, basic_fare_arrival, basic_fare_departure, departure_airport_id) VALUES ('MSA121604', '2019-12-16 20:00', '2019-12-16 22:00', 004, 'FUK', 'FUK', 'NRT', 'NRT');
INSERT INTO flight (name, arrival_time, departure_time, airplane_id, arrival_airport_id, basic_fare_arrival, basic_fare_departure, departure_airport_id) VALUES ('MSA121605', '2019-12-16 22:00', '2019-12-16 23:00', 005, 'HND', 'HND', 'KIX', 'KIX');
INSERT INTO flight (name, arrival_time, departure_time, airplane_id, arrival_airport_id, basic_fare_arrival, basic_fare_departure, departure_airport_id) VALUES ('MSA121701', '2019-12-17 09:00', '2019-12-17 10:00', 001, 'HND', 'HND', 'ITM', 'ITM');
INSERT INTO flight (name, arrival_time, departure_time, airplane_id, arrival_airport_id, basic_fare_arrival, basic_fare_departure, departure_airport_id) VALUES ('MSA121702', '2019-12-17 10:00', '2019-12-17 11:00', 002, 'HND', 'HND', 'OKA', 'OKA');
INSERT INTO flight (name, arrival_time, departure_time, airplane_id, arrival_airport_id, basic_fare_arrival, basic_fare_departure, departure_airport_id) VALUES ('MSA121703', '2019-12-17 13:00', '2019-12-17 16:00', 003, 'KIX', 'KIX', 'SPK', 'SPK');
INSERT INTO flight (name, arrival_time, departure_time, airplane_id, arrival_airport_id, basic_fare_arrival, basic_fare_departure, departure_airport_id) VALUES ('MSA121704', '2019-12-17 20:00', '2019-12-17 22:00', 004, 'FUK', 'FUK', 'NRT', 'NRT');
INSERT INTO flight (name, arrival_time, departure_time, airplane_id, arrival_airport_id, basic_fare_arrival, basic_fare_departure, departure_airport_id) VALUES ('MSA121705', '2019-12-17 22:00', '2019-12-17 23:00', 005, 'HND', 'HND', 'KIX', 'KIX');
INSERT INTO flight (name, arrival_time, departure_time, airplane_id, arrival_airport_id, basic_fare_arrival, basic_fare_departure, departure_airport_id) VALUES ('MSA121801', '2019-12-18 09:00', '2019-12-18 10:00', 001, 'HND', 'HND', 'ITM', 'ITM');
INSERT INTO flight (name, arrival_time, departure_time, airplane_id, arrival_airport_id, basic_fare_arrival, basic_fare_departure, departure_airport_id) VALUES ('MSA121802', '2019-12-18 10:00', '2019-12-18 11:00', 002, 'HND', 'HND', 'OKA', 'OKA');
INSERT INTO flight (name, arrival_time, departure_time, airplane_id, arrival_airport_id, basic_fare_arrival, basic_fare_departure, departure_airport_id) VALUES ('MSA121803', '2019-12-18 13:00', '2019-12-18 16:00', 003, 'KIX', 'KIX', 'SPK', 'SPK');
INSERT INTO flight (name, arrival_time, departure_time, airplane_id, arrival_airport_id, basic_fare_arrival, basic_fare_departure, departure_airport_id) VALUES ('MSA121804', '2019-12-18 20:00', '2019-12-18 22:00', 004, 'FUK', 'FUK', 'NRT', 'NRT');
INSERT INTO flight (name, arrival_time, departure_time, airplane_id, arrival_airport_id, basic_fare_arrival, basic_fare_departure, departure_airport_id) VALUES ('MSA121805', '2019-12-18 22:00', '2019-12-18 23:00', 005, 'HND', 'HND', 'KIX', 'KIX');
INSERT INTO flight (name, arrival_time, departure_time, airplane_id, arrival_airport_id, basic_fare_arrival, basic_fare_departure, departure_airport_id) VALUES ('MSA121901', '2019-12-19 09:00', '2019-12-19 10:00', 001, 'HND', 'HND', 'ITM', 'ITM');
INSERT INTO flight (name, arrival_time, departure_time, airplane_id, arrival_airport_id, basic_fare_arrival, basic_fare_departure, departure_airport_id) VALUES ('MSA121902', '2019-12-19 10:00', '2019-12-19 11:00', 002, 'HND', 'HND', 'OKA', 'OKA');
INSERT INTO flight (name, arrival_time, departure_time, airplane_id, arrival_airport_id, basic_fare_arrival, basic_fare_departure, departure_airport_id) VALUES ('MSA121903', '2019-12-19 13:00', '2019-12-19 16:00', 003, 'KIX', 'KIX', 'SPK', 'SPK');
INSERT INTO flight (name, arrival_time, departure_time, airplane_id, arrival_airport_id, basic_fare_arrival, basic_fare_departure, departure_airport_id) VALUES ('MSA121904', '2019-12-19 20:00', '2019-12-19 22:00', 004, 'FUK', 'FUK', 'NRT', 'NRT');
INSERT INTO flight (name, arrival_time, departure_time, airplane_id, arrival_airport_id, basic_fare_arrival, basic_fare_departure, departure_airport_id) VALUES ('MSA121905', '2019-12-19 22:00', '2019-12-19 23:00', 005, 'HND', 'HND', 'KIX', 'KIX');
INSERT INTO flight (name, arrival_time, departure_time, airplane_id, arrival_airport_id, basic_fare_arrival, basic_fare_departure, departure_airport_id) VALUES ('MSA122001', '2019-12-20 09:00', '2019-12-20 10:00', 001, 'HND', 'HND', 'ITM', 'ITM');
INSERT INTO flight (name, arrival_time, departure_time, airplane_id, arrival_airport_id, basic_fare_arrival, basic_fare_departure, departure_airport_id) VALUES ('MSA122002', '2019-12-20 10:00', '2019-12-20 11:00', 002, 'HND', 'HND', 'OKA', 'OKA');
INSERT INTO flight (name, arrival_time, departure_time, airplane_id, arrival_airport_id, basic_fare_arrival, basic_fare_departure, departure_airport_id) VALUES ('MSA122003', '2019-12-20 13:00', '2019-12-20 16:00', 003, 'KIX', 'KIX', 'SPK', 'SPK');
INSERT INTO flight (name, arrival_time, departure_time, airplane_id, arrival_airport_id, basic_fare_arrival, basic_fare_departure, departure_airport_id) VALUES ('MSA122004', '2019-12-20 20:00', '2019-12-20 22:00', 004, 'FUK', 'FUK', 'NRT', 'NRT');
INSERT INTO flight (name, arrival_time, departure_time, airplane_id, arrival_airport_id, basic_fare_arrival, basic_fare_departure, departure_airport_id) VALUES ('MSA122005', '2019-12-20 22:00', '2019-12-20 23:00', 005, 'HND', 'HND', 'KIX', 'KIX');
INSERT INTO flight (name, arrival_time, departure_time, airplane_id, arrival_airport_id, basic_fare_arrival, basic_fare_departure, departure_airport_id) VALUES ('MSA122101', '2019-12-21 09:00', '2019-12-21 10:00', 001, 'HND', 'HND', 'ITM', 'ITM');
INSERT INTO flight (name, arrival_time, departure_time, airplane_id, arrival_airport_id, basic_fare_arrival, basic_fare_departure, departure_airport_id) VALUES ('MSA122102', '2019-12-21 10:00', '2019-12-21 11:00', 002, 'HND', 'HND', 'OKA', 'OKA');
INSERT INTO flight (name, arrival_time, departure_time, airplane_id, arrival_airport_id, basic_fare_arrival, basic_fare_departure, departure_airport_id) VALUES ('MSA122103', '2019-12-21 13:00', '2019-12-21 16:00', 003, 'KIX', 'KIX', 'SPK', 'SPK');
INSERT INTO flight (name, arrival_time, departure_time, airplane_id, arrival_airport_id, basic_fare_arrival, basic_fare_departure, departure_airport_id) VALUES ('MSA122104', '2019-12-21 20:00', '2019-12-21 22:00', 004, 'FUK', 'FUK', 'NRT', 'NRT');
INSERT INTO flight (name, arrival_time, departure_time, airplane_id, arrival_airport_id, basic_fare_arrival, basic_fare_departure, departure_airport_id) VALUES ('MSA122105', '2019-12-21 22:00', '2019-12-21 23:00', 005, 'HND', 'HND', 'KIX', 'KIX');
INSERT INTO flight (name, arrival_time, departure_time, airplane_id, arrival_airport_id, basic_fare_arrival, basic_fare_departure, departure_airport_id) VALUES ('MSA122201', '2019-12-22 09:00', '2019-12-22 10:00', 001, 'HND', 'HND', 'ITM', 'ITM');
INSERT INTO flight (name, arrival_time, departure_time, airplane_id, arrival_airport_id, basic_fare_arrival, basic_fare_departure, departure_airport_id) VALUES ('MSA122202', '2019-12-22 10:00', '2019-12-22 11:00', 002, 'HND', 'HND', 'OKA', 'OKA');
INSERT INTO flight (name, arrival_time, departure_time, airplane_id, arrival_airport_id, basic_fare_arrival, basic_fare_departure, departure_airport_id) VALUES ('MSA122203', '2019-12-22 13:00', '2019-12-22 16:00', 003, 'KIX', 'KIX', 'SPK', 'SPK');
INSERT INTO flight (name, arrival_time, departure_time, airplane_id, arrival_airport_id, basic_fare_arrival, basic_fare_departure, departure_airport_id) VALUES ('MSA122204', '2019-12-22 20:00', '2019-12-22 22:00', 004, 'FUK', 'FUK', 'NRT', 'NRT');
INSERT INTO flight (name, arrival_time, departure_time, airplane_id, arrival_airport_id, basic_fare_arrival, basic_fare_departure, departure_airport_id) VALUES ('MSA122205', '2019-12-22 22:00', '2019-12-22 23:00', 005, 'HND', 'HND', 'KIX', 'KIX');
INSERT INTO flight (name, arrival_time, departure_time, airplane_id, arrival_airport_id, basic_fare_arrival, basic_fare_departure, departure_airport_id) VALUES ('MSA122301', '2019-12-23 09:00', '2019-12-23 10:00', 001, 'HND', 'HND', 'ITM', 'ITM');
INSERT INTO flight (name, arrival_time, departure_time, airplane_id, arrival_airport_id, basic_fare_arrival, basic_fare_departure, departure_airport_id) VALUES ('MSA122302', '2019-12-23 10:00', '2019-12-23 11:00', 002, 'HND', 'HND', 'OKA', 'OKA');
INSERT INTO flight (name, arrival_time, departure_time, airplane_id, arrival_airport_id, basic_fare_arrival, basic_fare_departure, departure_airport_id) VALUES ('MSA122303', '2019-12-23 13:00', '2019-12-23 16:00', 003, 'KIX', 'KIX', 'SPK', 'SPK');
INSERT INTO flight (name, arrival_time, departure_time, airplane_id, arrival_airport_id, basic_fare_arrival, basic_fare_departure, departure_airport_id) VALUES ('MSA122304', '2019-12-23 20:00', '2019-12-23 22:00', 004, 'FUK', 'FUK', 'NRT', 'NRT');
INSERT INTO flight (name, arrival_time, departure_time, airplane_id, arrival_airport_id, basic_fare_arrival, basic_fare_departure, departure_airport_id) VALUES ('MSA122305', '2019-12-23 22:00', '2019-12-23 23:00', 005, 'HND', 'HND', 'KIX', 'KIX');
INSERT INTO flight (name, arrival_time, departure_time, airplane_id, arrival_airport_id, basic_fare_arrival, basic_fare_departure, departure_airport_id) VALUES ('MSA122401', '2019-12-24 09:00', '2019-12-24 10:00', 001, 'HND', 'HND', 'ITM', 'ITM');
INSERT INTO flight (name, arrival_time, departure_time, airplane_id, arrival_airport_id, basic_fare_arrival, basic_fare_departure, departure_airport_id) VALUES ('MSA122402', '2019-12-24 10:00', '2019-12-24 11:00', 002, 'HND', 'HND', 'OKA', 'OKA');
INSERT INTO flight (name, arrival_time, departure_time, airplane_id, arrival_airport_id, basic_fare_arrival, basic_fare_departure, departure_airport_id) VALUES ('MSA122403', '2019-12-24 13:00', '2019-12-24 16:00', 003, 'KIX', 'KIX', 'SPK', 'SPK');
INSERT INTO flight (name, arrival_time, departure_time, airplane_id, arrival_airport_id, basic_fare_arrival, basic_fare_departure, departure_airport_id) VALUES ('MSA122404', '2019-12-24 20:00', '2019-12-24 22:00', 004, 'FUK', 'FUK', 'NRT', 'NRT');
INSERT INTO flight (name, arrival_time, departure_time, airplane_id, arrival_airport_id, basic_fare_arrival, basic_fare_departure, departure_airport_id) VALUES ('MSA122405', '2019-12-24 22:00', '2019-12-24 23:00', 005, 'HND', 'HND', 'KIX', 'KIX');
INSERT INTO flight (name, arrival_time, departure_time, airplane_id, arrival_airport_id, basic_fare_arrival, basic_fare_departure, departure_airport_id) VALUES ('MSA122501', '2019-12-25 09:00', '2019-12-25 10:00', 001, 'HND', 'HND', 'ITM', 'ITM');
INSERT INTO flight (name, arrival_time, departure_time, airplane_id, arrival_airport_id, basic_fare_arrival, basic_fare_departure, departure_airport_id) VALUES ('MSA122502', '2019-12-25 10:00', '2019-12-25 11:00', 002, 'HND', 'HND', 'OKA', 'OKA');
INSERT INTO flight (name, arrival_time, departure_time, airplane_id, arrival_airport_id, basic_fare_arrival, basic_fare_departure, departure_airport_id) VALUES ('MSA122503', '2019-12-25 13:00', '2019-12-25 16:00', 003, 'KIX', 'KIX', 'SPK', 'SPK');
INSERT INTO flight (name, arrival_time, departure_time, airplane_id, arrival_airport_id, basic_fare_arrival, basic_fare_departure, departure_airport_id) VALUES ('MSA122504', '2019-12-25 20:00', '2019-12-25 22:00', 004, 'FUK', 'FUK', 'NRT', 'NRT');
INSERT INTO flight (name, arrival_time, departure_time, airplane_id, arrival_airport_id, basic_fare_arrival, basic_fare_departure, departure_airport_id) VALUES ('MSA122505', '2019-12-25 22:00', '2019-12-25 23:00', 005, 'HND', 'HND', 'KIX', 'KIX');
INSERT INTO flight (name, arrival_time, departure_time, airplane_id, arrival_airport_id, basic_fare_arrival, basic_fare_departure, departure_airport_id) VALUES ('MSA122601', '2019-12-26 09:00', '2019-12-26 10:00', 001, 'HND', 'HND', 'ITM', 'ITM');
INSERT INTO flight (name, arrival_time, departure_time, airplane_id, arrival_airport_id, basic_fare_arrival, basic_fare_departure, departure_airport_id) VALUES ('MSA122602', '2019-12-26 10:00', '2019-12-26 11:00', 002, 'HND', 'HND', 'OKA', 'OKA');
INSERT INTO flight (name, arrival_time, departure_time, airplane_id, arrival_airport_id, basic_fare_arrival, basic_fare_departure, departure_airport_id) VALUES ('MSA122603', '2019-12-26 13:00', '2019-12-26 16:00', 003, 'KIX', 'KIX', 'SPK', 'SPK');
INSERT INTO flight (name, arrival_time, departure_time, airplane_id, arrival_airport_id, basic_fare_arrival, basic_fare_departure, departure_airport_id) VALUES ('MSA122604', '2019-12-26 20:00', '2019-12-26 22:00', 004, 'FUK', 'FUK', 'NRT', 'NRT');
INSERT INTO flight (name, arrival_time, departure_time, airplane_id, arrival_airport_id, basic_fare_arrival, basic_fare_departure, departure_airport_id) VALUES ('MSA122605', '2019-12-26 22:00', '2019-12-26 23:00', 005, 'HND', 'HND', 'KIX', 'KIX');
INSERT INTO flight (name, arrival_time, departure_time, airplane_id, arrival_airport_id, basic_fare_arrival, basic_fare_departure, departure_airport_id) VALUES ('MSA122701', '2019-12-27 09:00', '2019-12-27 10:00', 001, 'HND', 'HND', 'ITM', 'ITM');
INSERT INTO flight (name, arrival_time, departure_time, airplane_id, arrival_airport_id, basic_fare_arrival, basic_fare_departure, departure_airport_id) VALUES ('MSA122702', '2019-12-27 10:00', '2019-12-27 11:00', 002, 'HND', 'HND', 'OKA', 'OKA');
INSERT INTO flight (name, arrival_time, departure_time, airplane_id, arrival_airport_id, basic_fare_arrival, basic_fare_departure, departure_airport_id) VALUES ('MSA122703', '2019-12-27 13:00', '2019-12-27 16:00', 003, 'KIX', 'KIX', 'SPK', 'SPK');
INSERT INTO flight (name, arrival_time, departure_time, airplane_id, arrival_airport_id, basic_fare_arrival, basic_fare_departure, departure_airport_id) VALUES ('MSA122704', '2019-12-27 20:00', '2019-12-27 22:00', 004, 'FUK', 'FUK', 'NRT', 'NRT');
INSERT INTO flight (name, arrival_time, departure_time, airplane_id, arrival_airport_id, basic_fare_arrival, basic_fare_departure, departure_airport_id) VALUES ('MSA122705', '2019-12-27 22:00', '2019-12-27 23:00', 005, 'HND', 'HND', 'KIX', 'KIX');
INSERT INTO flight (name, arrival_time, departure_time, airplane_id, arrival_airport_id, basic_fare_arrival, basic_fare_departure, departure_airport_id) VALUES ('MSA122801', '2019-12-28 09:00', '2019-12-28 10:00', 001, 'HND', 'HND', 'ITM', 'ITM');
INSERT INTO flight (name, arrival_time, departure_time, airplane_id, arrival_airport_id, basic_fare_arrival, basic_fare_departure, departure_airport_id) VALUES ('MSA122802', '2019-12-28 10:00', '2019-12-28 11:00', 002, 'HND', 'HND', 'OKA', 'OKA');
INSERT INTO flight (name, arrival_time, departure_time, airplane_id, arrival_airport_id, basic_fare_arrival, basic_fare_departure, departure_airport_id) VALUES ('MSA122803', '2019-12-28 13:00', '2019-12-28 16:00', 003, 'KIX', 'KIX', 'SPK', 'SPK');
INSERT INTO flight (name, arrival_time, departure_time, airplane_id, arrival_airport_id, basic_fare_arrival, basic_fare_departure, departure_airport_id) VALUES ('MSA122804', '2019-12-28 20:00', '2019-12-28 22:00', 004, 'FUK', 'FUK', 'NRT', 'NRT');
INSERT INTO flight (name, arrival_time, departure_time, airplane_id, arrival_airport_id, basic_fare_arrival, basic_fare_departure, departure_airport_id) VALUES ('MSA122805', '2019-12-28 22:00', '2019-12-28 23:00', 005, 'HND', 'HND', 'KIX', 'KIX');
INSERT INTO flight (name, arrival_time, departure_time, airplane_id, arrival_airport_id, basic_fare_arrival, basic_fare_departure, departure_airport_id) VALUES ('MSA122901', '2019-12-29 09:00', '2019-12-29 10:00', 001, 'HND', 'HND', 'ITM', 'ITM');
INSERT INTO flight (name, arrival_time, departure_time, airplane_id, arrival_airport_id, basic_fare_arrival, basic_fare_departure, departure_airport_id) VALUES ('MSA122902', '2019-12-29 10:00', '2019-12-29 11:00', 002, 'HND', 'HND', 'OKA', 'OKA');
INSERT INTO flight (name, arrival_time, departure_time, airplane_id, arrival_airport_id, basic_fare_arrival, basic_fare_departure, departure_airport_id) VALUES ('MSA122903', '2019-12-29 13:00', '2019-12-29 16:00', 003, 'KIX', 'KIX', 'SPK', 'SPK');
INSERT INTO flight (name, arrival_time, departure_time, airplane_id, arrival_airport_id, basic_fare_arrival, basic_fare_departure, departure_airport_id) VALUES ('MSA122904', '2019-12-29 20:00', '2019-12-29 22:00', 004, 'FUK', 'FUK', 'NRT', 'NRT');
INSERT INTO flight (name, arrival_time, departure_time, airplane_id, arrival_airport_id, basic_fare_arrival, basic_fare_departure, departure_airport_id) VALUES ('MSA122905', '2019-12-29 22:00', '2019-12-29 23:00', 005, 'HND', 'HND', 'KIX', 'KIX');
INSERT INTO flight (name, arrival_time, departure_time, airplane_id, arrival_airport_id, basic_fare_arrival, basic_fare_departure, departure_airport_id) VALUES ('MSA123001', '2019-12-30 09:00', '2019-12-30 10:00', 001, 'HND', 'HND', 'ITM', 'ITM');
INSERT INTO flight (name, arrival_time, departure_time, airplane_id, arrival_airport_id, basic_fare_arrival, basic_fare_departure, departure_airport_id) VALUES ('MSA123002', '2019-12-30 10:00', '2019-12-30 11:00', 002, 'HND', 'HND', 'OKA', 'OKA');
INSERT INTO flight (name, arrival_time, departure_time, airplane_id, arrival_airport_id, basic_fare_arrival, basic_fare_departure, departure_airport_id) VALUES ('MSA123003', '2019-12-30 13:00', '2019-12-30 16:00', 003, 'KIX', 'KIX', 'SPK', 'SPK');
INSERT INTO flight (name, arrival_time, departure_time, airplane_id, arrival_airport_id, basic_fare_arrival, basic_fare_departure, departure_airport_id) VALUES ('MSA123004', '2019-12-30 20:00', '2019-12-30 22:00', 004, 'FUK', 'FUK', 'NRT', 'NRT');
INSERT INTO flight (name, arrival_time, departure_time, airplane_id, arrival_airport_id, basic_fare_arrival, basic_fare_departure, departure_airport_id) VALUES ('MSA123005', '2019-12-30 22:00', '2019-12-30 23:00', 005, 'HND', 'HND', 'KIX', 'KIX');
INSERT INTO flight (name, arrival_time, departure_time, airplane_id, arrival_airport_id, basic_fare_arrival, basic_fare_departure, departure_airport_id) VALUES ('MSA123101', '2019-12-31 09:00', '2019-12-31 10:00', 001, 'HND', 'HND', 'ITM', 'ITM');
INSERT INTO flight (name, arrival_time, departure_time, airplane_id, arrival_airport_id, basic_fare_arrival, basic_fare_departure, departure_airport_id) VALUES ('MSA123102', '2019-12-31 10:00', '2019-12-31 11:00', 002, 'HND', 'HND', 'OKA', 'OKA');
INSERT INTO flight (name, arrival_time, departure_time, airplane_id, arrival_airport_id, basic_fare_arrival, basic_fare_departure, departure_airport_id) VALUES ('MSA123103', '2019-12-31 13:00', '2019-12-31 16:00', 003, 'KIX', 'KIX', 'SPK', 'SPK');
INSERT INTO flight (name, arrival_time, departure_time, airplane_id, arrival_airport_id, basic_fare_arrival, basic_fare_departure, departure_airport_id) VALUES ('MSA123104', '2019-12-31 20:00', '2019-12-31 22:00', 004, 'FUK', 'FUK', 'NRT', 'NRT');
INSERT INTO flight (name, arrival_time, departure_time, airplane_id, arrival_airport_id, basic_fare_arrival, basic_fare_departure, departure_airport_id) VALUES ('MSA123105', '2019-12-31 22:00', '2019-12-31 23:00', 005, 'HND', 'HND', 'KIX', 'KIX');
